,3
0,A
1829,AAMC
1869,AAME
1919,AAN
2298,
2337,AAOI
2726,AAON
2846,AAP
3668,AAPL
4137,AAU
4172,AAV
4215,AAVL
4293,AAWW
4605,AAXJ
4613,AB
4926,ABAC
4987,ABAX
5077,ABB
5462,ABBV
6001,ABC
6700,ABCB
6710,ABCD
6768,ABCO
6979,ABCW
6997,ABDC
7063,ABEV
7128,ABG
7360,ABGB
7453,ABIO
7523,ABM
7633,ABMD
7703,ABR
7873,ABTL
7974,ABX
8967,ABY
9034,ACAD
9629,ACAS
9849,ACAT
10061,ACC
10331,ACCO
10492,ACCU
10493,ACE
10765,ACET
10959,ACFC
11007,ACFN
11068,ACG
11073,ACGL
11341,ACH
11588,ACHC
11908,ACHN
12583,ACIW
12801,ACLS
12988,ACM
13464,ACMP
13558,ACN
14877,ACNB
14899,ACOR
15556,ACP
15577,ACPW
15662,ACRE
15776,ACRX
16260,ACSF
16274,ACST
16547,ACT
17117,ACTA
17171,ACTG
17844,ACTS
17902,ACU
18002,ACUR
18159,ACWI
18168,ACWV
18182,ACWX
18187,ACXM
18390,ACY
18443,ADAT
18493,ADBE
20489,ADC
20890,ADEP
20954,ADES
21088,ADGE
21145,ADHD
21314,ADI
22321,ADK
22418,ADM
23228,ADMA
23472,ADMP
23768,ADMS
24093,ADNC
24182,ADP
24968,ADPT
25049,ADRA
25051,ADRD
25052,ADRE
25055,ADRU
25059,ADS
25810,ADSK
26959,ADT
27105,ADTN
27556,ADVS
27675,ADX
27715,ADXS
28219,ADZ
28220,AE
28283,AEB
28284,AEC
28314,AEE
28695,AEG
28905,AEGN
29108,AEGR
29410,AEHR
29520,AEIS
29833,AEL
29967,AEM
30483,AEO
31973,AEPI
32034,AER
32378,AERI
32588,AES
33071,AET
34451,AETI
34567,AEY
34663,AEZS
35094,AF
35246,AFA
35247,AFAM
35419,AFB
35440,AFC
35442,AFCB
35453,AFFX
35697,AFG
35900,AFH
35995,AFK
36045,AFL
36690,AFMD
36918,AFOP
36991,AFSI
37276,AFT
37302,AG
37676,AGA
37714,AGC
37715,AGCO
38204,AGD
38226,AGEN
38572,AGF
38574,AGG
38684,AGII
38797,AGIO
39187,AGM
39280,AGN
41682,AGNC
42094,AGNCB
42095,AGND
42096,AGO
42450,AGOL
42453,AGQ
42689,AGRO
42773,AGRX
43120,AGTC
43407,AGU
44140,AGX
44262,AGYS
44436,AHC
44519,AHGP
44638,AHH
44743,AHL
44959,AHP
45111,AHPI
45279,AHT
45548,AI
45687,AIA
45696,AIB
45830,AIF
45852,AIG
47460,AIMC
47623,AIN
47775,AINC
47838,AINV
48072,AIQ
48172,AIR
48581,AIRM
48749,AIRT
48820,AIT
49020,AIV
49305,AIXG
49355,AIZ
49678,AJG
50271,AKAM
50361,AKAO
50691,AKBA
50821,AKER
51053,AKG
51119,AKP
51124,AKR
51269,AKRX
51942,AKS
53519,AL
53846,ALB
54515,ALCO
54604,ALD
54683,ALDR
54733,ALDW
54795,ALDX
54885,ALE
55100,ALEX
55238,ALFA
55247,ALG
55363,ALGN
55885,ALGT
56412,ALIM
56687,ALJ
56878,ALK
57974,ALKS
58649,ALL
59441,ALLB
59449,ALLE
59647,ALLT
59928,ALLY
60079,ALNY
60269,ALOG
60518,ALOT
60650,ALQA
60810,ALR
61218,ALSK
61407,ALSN
61693,ALTR
62381,ALTV
62384,ALU
62836,ALV
63346,ALX
63429,ALXA
63637,ALXN
64262,AM
64706,AMAG
64996,AMAT
65798,AMBA
65928,AMBC
66062,AMBR
66163,AMC
66391,AMCC
66529,AMCF
66564,AMCO
66577,AMCX
66887,AMD
67137,AMDA
67286,AME
67631,AMED
67921,AMFW
67962,AMGN
68112,AMH
68297,AMIC
68334,AMID
68586,AMJ
68652,AMKR
68702,AMNB
68778,AMOT
68841,AMOV
68890,AMP
69292,AMPE
69561,AMPH
69630,AMPS
69632,AMRB
69704,AMRC
69874,AMRE
69920,AMRI
70070,AMRK
70140,AMRN
70270,AMRS
70320,AMSC
70350,AMSG
70360,AMSWA
70491,AMT
71208,AMTD
72353,AMTG
72425,AMTX
72522,AMWD
72746,AMX
73111,AMZA
73120,AMZG
73158,AMZN
73488,AN
74093,ANAC
74292,ANAD
74405,ANAT
74457,ANCB
74467,ANCI
74494,ANCX
74573,AND
74603,ANET
75145,ANF
76676,ANGI
76766,ANGL
76793,ANGO
76823,ANH
76963,ANIP
76973,ANSS
77003,ANTH
77300,ANTM
78036,ANV
78175,ANW
78432,ANY
78482,AOD
78509,AOI
78593,AOK
78594,AOL
79543,AON
79995,AOS
80325,AOSL
80461,AP
80571,APAGF
80578,APAM
80660,APB
80671,APC
82353,APEI
82363,APF
82377,APH
82736,API
82820,APL
82948,APO
83722,APOG
84032,APOL
84461,APP
84730,APPY
84804,APRI
85105,APSA
85112,APTO
85302,APWC
85339,AQQ
85367,AQXP
85473,AR
85630,ARAY
85700,ARC
85784,ARCB
85838,ARCC
86100,ARCI
86235,ARCO
86423,ARCW
86536,ARCX
86560,ARDC
86592,ARDM
86722,ARDX
86994,ARE
87236,ARES
87461,AREX
87768,ARGS
87904,ARGT
88067,ARI
88225,ARIA
89033,ARII
89187,ARIS
89236,ARKG
89239,ARKK
89247,ARKQ
89250,ARKR
89317,ARKW
89329,ARL
89387,ARLP
89474,ARMH
90115,ARMK
90384,ARNA
91377,ARO
92197,AROW
92278,ARPI
92294,ARQL
92660,ARR
92847,ARRS
93210,ARRY
93694,ARTNA
93807,ARTW
93894,ARTX
94084,ARW
94459,ARWR
95028,ASA
95089,ASB
95204,ASBI
95222,ASC
95346,ASCMA
95464,ASEA
95521,ASFI
95625,ASGN
95835,ASH
96301,ASHR
96347,ASHS
96356,ASMB
96472,ASMI
96518,ASML
97139,ASNA
97808,ASPS
97998,ASPX
98016,ASR
98158,ASRV
98205,AST
98323,ASTC
98559,ASTE
98751,ASUR
98953,ASX
99131,ASYS
99360,AT
99534,ATAX
99591,ATE
99634,ATEC
99825,ATEN
99992,ATHM
100242,ATHN
100956,ATHX
101229,ATI
101729,ATK
102017,ATL
102022,ATLC
102063,ATLO
102075,ATLS
102253,ATML
102662,ATMP
102663,ATNI
102775,ATNM
102944,ATNY
103032,ATRA
103284,ATRC
103526,ATRI
103601,ATRM
103629,ATRO
103863,ATRS
104121,ATSG
104308,ATTO
104401,ATTU
104506,ATU
104906,ATV
105088,ATVI
107038,ATW
107373,AU
107880,AUBN
107911,AUDC
108081,AUMA
108082,AUMAU
108084,AUMN
108151,AUPH
108456,AUQ
108599,AUXL
108954,AUY
109482,AV
109569,AVA
109840,AVAL
109876,AVAV
110462,AVB
110886,AVD
111047,AVEO
111565,AVG
111694,AVGO
113341,AVH
113427,AVHI
113482,AVID
113766,AVIV
113812,AVK
113830,AVL
113956,AVNR
114214,AVNW
114390,AVOL
114439,AVP
115443,AVT
115898,AVX
116006,AVY
116364,AWAY
116613,AWF
116640,AWH
116772,AWI
117078,AWK
117572,AWP
117596,AWR
117804,AWRE
117879,AWX
117978,AXAS
118291,AXDX
118459,AXE
118672,AXGN
118864,AXJL
118866,AXJS
118867,AXL
119396,AXLL
119420,AXN
119463,AXP
121317,AXPW
121339,AXR
121395,AXS
121712,AXTA
122022,AXTI
122198,AXU
122272,AXX
122288,AYI
122822,AYR
123073,AZIA
123078,AZN
125070,AZO
126033,AZPN
126279,AZZ
126564,B
127064,BA
127074,BAA
127120,BAB
127151,BABA
129971,BABS
129976,BABY
130180,BAC
131976,BAF
131987,BAGR
132017,BAH
132530,BAK
132655,BAL
132840,BALT
132912,BAM
133280,BAMM
133340,BANC
133442,BANF
133538,BANR
133710,BANX
133767,BAP
133865,BAR
133874,BAS
134272,BASI
134386,BAX
135317,BBBY
136972,BBC
136984,BBCN
137043,BBD
137390,BBDO
137451,BBF
137460,BBG
137829,BBGI
137936,BBH
138000,BBK
138010,BBL
138197,BBLU
138220,BBNK
138263,BBOX
138459,BBRC
138467,BBRY
141039,BBSI
141166,BBT
141946,BBVA
142179,BBW
142637,BBX
142746,BBY
142756,BC
143156,BCA
143177,BCBP
143229,BCC
143404,BCE
143595,BCH
143662,BCLI
143857,BCO
144105,BCOM
144246,BCOR
144429,BCOV
144593,BCPC
144709,BCR
145126,BCV
145135,BDBD
145170,BDC
145438,BDCL
145440,BDCV
145446,BDD
145447,BDE
145581,BDGE
145647,BDL
145676,BDMS
145693,BDR
145725,BDSI
146085,BDX
146837,BEAT
147080,BEBE
147340,BECN
147747,BEE
147914,BEL
148000,BELFA
148076,BEN
148592,BEP
148649,BERY
148758,BF
148808,BFAM
149003,BFIN
149051,BFK
149072,BFOR
149076,BFR
149145,BFS
149229,BFY
149241,BFZ
149264,BG
149791,BGB
149806,BGC
150015,BGCA
150025,BGCP
150330,BGFV
150665,BGG
150919,BGH
150945,BGI
150984,BGR
151000,BGSF
151063,BGT
151086,BGY
151106,BH
151218,BHB
151265,BHBK
151309,BHE
151493,BHI
152694,BHK
152716,BHL
152717,BHLB
152862,BHP
153991,BIB
154001,BICK
154003,BID
154533,BIDU
156424,BIF
156439,BIG
157442,BIIB
159345,BIK
159352,BIL
159360,BIN
159526,BIND
159545,BIO
159860,BIOA
159953,BIOC
160144,BIOD
160264,BIOL
160473,BIOS
160754,BIP
160986,BIRT
161029,BIS
161036,BIT
161051,BITA
161326,BIV
161332,BIZD
161338,BJK
161406,BJZ
161408,BK
162242,BKCC
162354,BKE
162973,BKEP
163071,BKEPP
163079,BKF
163088,BKH
163288,BKJ
163327,BKK
163335,BKMU
163391,BKN
163401,BKS
164469,BKSC
164501,BKT
164512,BKU
164727,BKYF
164753,BLCM
165055,BLDP
165065,BLDR
165348,BLE
165362,BLH
165367,BLIN
165614,BLJ
165615,BLK
167033,BLKB
167043,BLL
167517,BLOX
167798,BLRX
168109,BLT
168188,BLUE
168915,BLV
168918,BLVD
168921,BLVDU
168922,BLW
168945,BLX
169032,BMA
169154,BME
169165,BMI
169376,BMO
169733,BMR
169886,BMRC
169987,BMRN
170907,BMS
171153,BMTC
171239,BMY
173764,BNCL
173845,BNCN
173909,BND
174084,BNDX
174099,BNFT
174339,BNJ
174340,BNO
174998,BNS
175297,BNSO
175324,BNY
175348,BOBE
175815,BOCH
175877,BOFI
176016,BOH
176193,BOIL
176202,BOKF
176361,BOM
176366,BONA
176452,BONE
176534,BONT
176860,BOOT
177008,BORN
177106,BOS
177124,BOSC
177276,BOTA
177311,BOTJ
177334,BOXC
177361,BP
177668,BPFH
177782,BPFHW
177784,BPI
178075,BPK
178083,BPL
178373,BPOP
178635,BPOPM
178645,BPOPN
178654,BPT
178761,BPTH
179054,BQH
179065,BR
179376,BRAF
179388,BRAQ
179417,BRAZ
179423,BRC
179665,BRCD
180414,BRCM
181518,BRDR
181559,BREW
181713,BRF
181944,BRFS
182105,BRG
182157,BRID
182184,BRK
182871,BRKL
182975,BRKR
183324,BRKS
183545,BRLI
183683,BRO
184139,BRP
184209,BRSS
184288,BRT
184369,BRX
184614,BRXX
184649,BRZU
184681,BSAC
184729,BSBR
184921,BSCG
184922,BSCL
184923,BSCM
184924,BSD
184942,BSDM
185034,BSE
185041,BSET
185181,BSF
185207,BSFT
185481,BSI
185581,BSL
185590,BSMX
185618,BSPM
185777,BSQR
185900,BSRR
185985,BST
186000,BSTC
186103,BSX
187561,BT
187755,BTA
187762,BTE
187991,BTG
188089,BTI
188520,BTN
188644,BTT
188664,BTU
189494,BTUI
189545,BTX
189797,BUD
190963,BUI
190970,BUNL
190972,BUNT
190974,BURL
191532,BUSE
191618,BV
191910,BVA
191918,BVN
192078,BVSN
192248,BVX
192376,BWA
192925,BWC
193116,BWEN
193320,BWFG
193368,BWG
193390,BWINA
193404,BWINB
193409,BWLD
194467,BWP
194690,BWS
194891,BWX
194896,BWZ
194898,BX
196373,BXC
196540,BXE
196590,BXMX
196603,BXP
197108,BXS
197331,BYBK
197345,BYD
198032,BYFC
198079,BZC
198099,BZH
198542,BZM
198545,BZQ
198773,C
199781,CA
200592,CAAS
200801,CAB
201355,CAC
201443,CACGU
201447,CACH
201550,CACI
202143,CACQ
202189,CADC
202324,CADT
202325,CAE
202507,CAF
202517,CAFE
202523,CAG
203648,CAJ
203867,CAK
203906,CAKE
204484,CALA
204744,CALD
204910,CALI
204964,CALL
205166,CALM
205644,CALX
205883,CAM
206277,CAMP
206690,CAMT
206914,CANF
207308,CAP
207400,CAPL
207486,CAPN
207551,CAR
207641,CARA
207651,CARB
207681,CARO
207711,CART
207766,CARV
207865,CARZ
207961,CAS
208086,CASH
208252,CASI
208434,CASM
208539,CASS
208599,CASY
208669,CAT
210972,CATM
211239,CATO
211618,CATY
211763,CAW
211819,CBA
211821,CBAK
211910,CBAY
212171,CBB
212454,CBDE
212469,CBF
212496,CBFV
212538,CBG
212802,CBIN
212810,CBK
213109,CBLI
213440,CBM
213575,CBMG
213727,CBMX
213868,CBNJ
213888,CBNK
213932,CBON
213933,CBPO
214114,CBPX
214198,CBR
214287,CBRX
214388,CBS
214391,CBSH
214618,CBSHP
214626,CBST
215005,CBT
215249,CBZ
215376,CCBG
215442,CCC
215673,CCCL
215830,CCCR
215887,CCE
216306,CCF
216363,CCG
216461,CCI
217081,CCIH
217256,CCJ
217635,CCK
217977,CCL
219559,CCLP
219637,CCM
219743,CCMP
219915,CCNE
219970,CCO
220254,CCOI
220494,CCRN
220653,CCS
220736,CCSC
220807,CCU
220885,CCUR
220983,CCV
220985,CCX
220989,CCXE
220991,CCXI
221311,CDC
221312,CDI
221426,CDNA
221734,CDNS
222157,CDR
222314,CDTI
222464,CDW
222567,CDXS
222781,CDZI
222860,CEA
223016,CECE
223196,CECO
223560,CEE
223569,CEL
223870,CELGZ
223873,CELP
223946,CEM
223972,CEMB
223975,CEMI
224205,CEMP
224466,CEN
224480,CENTA
224531,CENX
224641,CEO
225326,CEQP
225413,CERE
225482,CERN
225532,CERS
226068,CERU
226104,CETV
226310,CEV
226318,CEVA
226632,CEW
226678,CF
227637,CFA
227638,CFBK
227678,CFD
227680,CFFI
227733,CFFN
227802,CFG
228159,CFN
228366,CFNB
228381,CFNL
228468,CFO
228469,CFP
228471,CFR
228699,CFRXW
228703,CFRXZ
228704,CFX
229052,CG
229441,CGA
229611,CGEN
229868,CGG
230041,CGI
230205,CGIX
230533,CGNX
230583,CGO
230594,CGW
230602,CH
230606,CHA
230862,CHCI
230952,CHCO
231044,CHD
231542,CHDN
231592,CHE
231781,CHEF
231851,CHEV
231892,CHFC
231994,CHFN
232047,CHGG
232358,CHH
232711,CHI
232749,CHIE
232753,CHII
232768,CHIM
232773,CHIQ
232824,CHIX
232830,CHK
235104,CHKE
235301,CHKP
236004,CHL
236638,CHLN
236692,CHMG
236743,CHMI
236841,CHMT
236993,CHN
237020,CHNA
237021,CHNR
237079,CHOC
237083,CHOP
237161,CHRS
237211,CHRW
237241,CHS
237917,CHSCM
237923,CHSCN
237930,CHSCO
237935,CHSCP
237985,CHSP
238150,CHT
238207,CHTR
238417,CHU
238738,CHW
238759,CHXF
238769,CHY
238801,CHYR
238819,CI
240164,CIA
240232,CIB
240353,CIDM
240563,CIE
240849,CIEN
241963,CIF
241972,CIFC
241988,CIG
242206,CII
242228,CIK
242236,CIMT
242287,CINF
242471,CIO
242538,CIR
242805,CISG
242992,CIU
242993,CIVI
243076,CIX
243099,CIZN
243134,CJES
243287,CJJD
243397,CKEC
243649,CKH
243745,CKP
243877,CKSW
243962,CKX
243964,CL
244800,CLAC
244804,CLB
245208,CLC
245364,CLCT
245447,CLD
245762,CLDN
245836,CLDT
246019,CLF
247506,CLFD
247566,CLGX
247842,CLI
248075,CLIR
248179,CLM
248188,CLMS
248274,CLMT
248527,CLNE
249030,CLNT
249208,CLNY
249409,CLR
250210,CLRB
250514,CLRO
250652,CLRX
250696,CLS
250746,CLSN
251149,CLTX
251179,CLUB
251352,CLVS
252282,CLW
252484,CLWT
252625,CLX
253467,CLY
253470,CM
253705,CMA
254546,CMBS
254548,CMC
255106,CMCM
255228,CMCO
255372,CMCSA
257220,CMCSK
257272,CMCT
257311,CMD
257425,CME
258401,CMF
258408,CMFN
258450,CMG
260817,CMGE
260840,CMI
261802,CMLP
261880,CMN
261984,CMP
262245,CMRE
262456,CMRX
262549,CMS
262882,CMSB
262891,CMTL
263584,CMU
263589,CNA
263824,CNBKA
263862,CNC
264732,CNCE
264964,CNCO
264980,CNDA
265031,CNDO
265121,CNET
265300,CNHI
265563,CNI
266270,CNIT
266378,CNK
266836,CNMD
267032,CNNX
267102,CNO
267379,CNOB
267460,CNP
267934,CNQ
268332,CNS
268542,CNSL
268737,CNTF
268863,CNTY
269022,CNV
269083,CNW
269433,CNX
270098,CNXR
270156,CNXT
270163,CNY
270182,CNYD
270207,CO
270398,COB
270416,COBK
270421,COBZ
270467,COCO
270718,CODE
270857,CODI
271055,COF
272107,COH
273387,COHR
273590,COHU
273768,COKE
273915,COL
274471,COLB
274582,COLM
274933,COMM
275341,COMT
275342,CONE
275658,CONN
276215,COO
276769,COOL
277030,COP
278738,COPX
278792,COR
279008,CORE
279249,CORI
279295,CORN
279509,CORR
279564,CORT
279828,COSI
279937,COT
280168,COUP
280377,COV
280943,COVR
280967,COVS
281038,COW
281087,COWN
281177,CP
282246,CPA
282674,CPAC
282718,CPAH
282881,CPB
284075,CPE
284552,CPF
284646,CPG
284819,CPGI
284851,CPHC
284920,CPHD
285190,CPHI
285244,CPHR
285287,CPIX
285438,CPK
285649,CPL
285853,CPLA
285982,CPN
286384,CPRT
286720,CPRX
287141,CPS
287307,CPSI
287542,CPSS
287618,CPST
287967,CPT
288248,CPTA
288379,CQH
288435,CQP
288639,CR
289003,CRAI
289119,CRAY
289366,CRBN
289369,CRBQ
289371,CRC
289843,CRCM
290012,CRD
290019,CRDC
290110,CRDS
290188,CRDT
290189,CRED
290212,CREE
291508,CREG
291668,CRESY
291711,CRF
291725,CRH
291911,CRIS
292155,CRK
292474,CRL
292981,CRM
294457,CRMD
294603,CRME
294778,CRMT
294977,CRNT
295231,CROC
295239,CROP
295243,CROX
296016,CRR
296317,CRRC
296388,CRRS
296402,CRS
296602,CRT
296633,CRTN
296672,CRTO
296980,CRUS
297717,CRV
297723,CRVP
297743,CRWN
297783,CRWS
297878,CRY
298067,CRZO
298557,CS
299500,CSBK
299535,CSC
300178,CSCO
301181,CSD
301208,CSFL
301299,CSG
301315,CSGP
301524,CSH
301715,CSII
301957,CSIQ
303070,CSJ
303075,CSL
303323,CSLT
303405,CSM
303406,CSOD
303702,CSPI
303791,CSQ
303824,CSRE
303841,CSS
303955,CST
303989,CSTE
304153,CSUN
304353,CSV
304501,CSX
306118,CTAS
306695,CTBI
306764,CTCT
306952,CTF
306954,CTG
307065,CTHR
307152,CTIB
307243,CTL
308163,CTLT
308434,CTNN
308435,CTO
308590,CTR
308605,CTRE
308752,CTRL
308949,CTRX
309072,CTS
309222,CTSH
310066,CTSO
310249,CTT
310313,CTV
310316,CTWS
310486,CTXS
311380,CU
311426,CUB
311826,CUBA
311968,CUBI
312023,CUI
312155,CUK
312410,CUNB
312442,CUO
312486,CUR
312740,CURE
312764,CUT
312793,CUZ
312966,CVA
313313,CVBF
313430,CVC
314084,CVCO
314203,CVCY
314260,CVD
314429,CVE
314807,CVEO
314871,CVG
315046,CVGI
315214,CVGW
315440,CVLT
315722,CVLY
315772,CVM
316134,CVOL
316139,CVR
316216,CVRR
316384,CVS
318233,CVSL
318259,CVTI
318492,CVU
318653,CVV
318746,CVY
318769,CW
319091,CWAY
319098,CWB
319120,CWCO
319267,CWEI
319419,CWI
319420,CWT
319593,CX
320041,CXA
320044,CXDC
320180,CXE
320189,CXH
320199,CXO
320838,CXP
320949,CXW
321361,CY
322223,CYAN
322297,CYB
322373,CYBE
322496,CYBR
323077,CYBX
323299,CYCC
323598,CYCCP
323632,CYD
323794,CYH
324641,CYN
324794,CYNI
324844,CYOU
325165,CYRN
325272,CYS
325434,CYT
325613,CYTK
325985,CYTR
326400,CYTX
326733,CZA
326736,CZFC
326764,CZNC
326785,CZWI
326829,CZZ
327009,D
327915,DAC
328074,DAEG
328113,DAG
328196,DAIO
328288,DAKP
328309,DAKT
328515,DAL
331452,DAN
331909,DANG
332324,DAR
332614,DARA
332720,DATA
332944,DATE
333041,DAX
333046,DB
334966,DBA
335146,DBAW
335147,DBB
335154,DBBR
335159,DBC
335873,DBD
336363,DBE
336829,DBEF
336865,DBEM
336870,DBEU
336875,DBEZ
336879,DBGR
336885,DBJP
336902,DBL
336910,DBMX
336917,DBO
336975,DBP
336982,DBS
336986,DBU
336994,DBUK
336998,DBV
337022,DBVT
337318,DCA
337319,DCI
337629,DCIX
337985,DCM
338088,DCO
338304,DCOM
338386,DCT
338582,DD
340113,DDC
340214,DDD
341547,DDF
341574,DDG
341575,DDM
341578,DDP
341595,DDR
341943,DDS
342539,DDT
342544,DE
344412,DECK
345420,DEE
345424,DEF
345430,DEG
345530,DEJ
345564,DEL
345622,DEM
345739,DENN
346033,DEO
346389,DEPO
346922,DEST
347169,DEW
347172,DEX
347202,DF
348033,DFE
348067,DFJ
348091,DFP
348108,DFRG
348231,DFS
349262,DFT
349496,DG
351145,DGAS
351175,DGAZ
351217,DGI
351438,DGICA
351502,DGICB
351529,DGII
351744,DGL
351746,DGLY
352440,DGP
352449,DGRE
352459,DGRO
352470,DGRS
352479,DGRW
352514,DGS
352599,DGSE
352656,DGT
352662,DGX
353420,DGZ
353427,DHF
353441,DHI
354542,DHIL
354598,DHR
355338,DHRM
355374,DHT
355727,DHX
355887,DIA
356866,DIAX
356872,DIG
356926,DIN
357275,DIOD
357543,DIS
357553,DISCA
358303,DISCB
358320,DISCK
358396,DISH
360376,DIT
360415,DIVI
360416,DIVY
360419,DJCO
360442,DJP
360450,DK
360886,DKL
360941,DKS
362425,DKT
362426,DLA
362542,DLB
362851,DLBL
362854,DLHC
362905,DLN
362952,DLNG
363096,DLPH
363711,DLR
364242,DLS
364249,DLTR
365750,DLX
365947,DM
366121,DMB
366127,DMD
366318,DMF
366326,DMLP
366374,DMND
366912,DMO
366924,DMRC
367023,DNB
367288,DNBF
367334,DNKN
368273,DNL
368279,DNN
368367,DNO
368388,DNOW
368438,DNP
368444,DNR
369018,DO
369761,DOC
369854,DOD
369855,DOG
369860,DOL
369866,DOM
369877,DON
369907,DOO
369922,DOOR
370001,DOV
370593,DOVR
370639,DOW
371863,DOX
372185,DPK
372194,DPLO
372511,DPM
372666,DPRX
372729,DPU
372731,DPW
373222,DPZ
374347,DQ
374619,DRAD
374792,DRAM
374913,DRC
375144,DRD
375389,DRE
375602,DRI
377106,DRII
377213,DRIV
377392,DRL
377524,DRNA
377803,DRQ
378041,DRR
378120,DRRX
378494,DRV
378544,DRW
378550,DRWI
378768,DRYS
379847,DSCI
379950,DSCO
380091,DSE
380105,DSI
380113,DSKX
380152,DSKY
380214,DSLV
380217,DSM
380245,DST
380435,DSU
380459,DSUM
380465,DSWL
380501,DSX
381164,DTD
381195,DTE
381648,DTF
381665,DTH
381669,DTLK
381790,DTN
381824,DTO
381943,DTSI
382119,DTV
382934,DTYL
382936,DUC
382948,DUK
383842,DUST
383936,DV
384436,DVA
385058,DVAX
385646,DVCR
385689,DVD
385767,DVN
386837,DVP
386838,DVY
386929,DVYE
386949,DW
387058,DWA
387716,DWAS
387731,DWAT
387732,DWCH
387870,DWM
387871,DWRE
388025,DWSN
388118,DWTI
388162,DWX
388170,DX
388325,DXB
388327,DXCM
388920,DXD
388929,DXGE
388934,DXJ
389098,DXJF
389101,DXJR
389102,DXJS
389103,DXKW
389107,DXM
389135,DXPS
389148,DXR
389278,DXYN
389344,DY
389739,DYAX
389902,DYN
390072,DYNT
390191,DYSL
390285,DYY
390288,DZZ
390372,E
390925,EA
393097,EAC
393202,EAD
393214,EARN
393261,EAT
393938,EBAY
396959,EBF
397076,EBIO
397244,EBIX
397651,EBMT
397699,EBR
397825,EBS
398204,EBSB
398284,EBTC
398327,EC
398629,ECA
399308,ECC
399387,ECF
399396,ECH
399546,ECNS
399547,ECOL
399753,ECOM
399964,ECON
400015,ECPG
400186,ECR
400305,ECT
400348,ECTE
400480,ECYT
400787,ED
401341,EDAP
401555,EDC
401716,EDD
401728,EDE
401811,EDEN
401825,EDF
401838,EDI
401853,EDIV
401863,EDN
401957,EDR
402176,EDS
402219,EE
402481,EEA
402491,EEB
402498,EEFT
402690,EEHB
402694,EEI
402762,EELV
402799,EEM
403535,EEMA
403539,EEME
403540,EEML
403541,EEMV
403615,EEP
403859,EEQ
403897,EEV
404006,EFA
404147,EFAV
404172,EFC
404317,EFF
404338,EFII
404598,EFNL
404616,EFOI
404767,EFR
404786,EFSC
404871,EFT
404894,EFU
404899,EFUT
404983,EFV
404985,EFX
405541,EFZ
405564,EGAN
405700,EGAS
405795,EGBN
405916,EGHT
406291,EGI
406315,EGL
406556,EGLE
406891,EGLT
407132,EGN
407416,EGO
407911,EGOV
408081,EGP
408311,EGPT
408675,EGRW
408676,EGRX
408916,EGT
408964,EGY
409133,EHI
409152,EHIC
409208,EHTH
409550,EIA
409695,EIDO
409764,EIG
409875,EIGI
410051,EIM
410070,EIO
410079,EIP
410086,EIRL
410177,EIS
410380,EIV
410387,EJ
410564,EL
411359,ELD
411494,ELGX
411948,ELLI
412212,ELLO
412264,ELMD
412346,ELNK
412505,ELON
412638,ELOS
412756,ELRC
412823,ELS
413023,ELSE
413045,ELTK
413237,ELX
413502,ELY
413956,EMAG
413958,EMAN
414069,EMB
414196,EMBB
414198,EMCB
414258,EMCD
414269,EMCF
414313,EMCG
414317,EMCI
414444,EMCR
414446,EMD
414474,EMDI
414475,EME
414718,EMES
414923,EMEY
414926,EMF
414939,EMFM
414941,EMHY
414966,EMI
414971,EMIF
414975,EMJ
414977,EML
415057,EMLP
415066,EMMS
415190,EMN
415667,EMO
415683,EMQ
415684,EMQQ
415692,EMR
416456,EMSA
416457,EMXX
416465,ENB
416924,ENBL
417140,ENDP
418224,ENFC
418275,ENFR
418280,ENG
418390,ENGN
418392,ENH
418534,ENI
418586,ENL
418617,ENLC
418881,ENLK
418947,ENOC
419221,ENOR
419225,ENPH
419761,ENR
420210,ENRJ
420222,ENS
420450,ENSG
420698,ENSV
420740,ENT
420959,ENTA
421047,ENTG
421281,ENTR
421444,ENVA
421559,ENVI
421631,ENX
421640,ENY
421650,ENZ
421909,ENZL
421972,ENZN
422059,ENZY
422093,EOC
422132,EOD
422155,EOG
423080,EOI
423092,EOPN
423143,EOS
423164,EOT
423179,EOX
423260,EPAM
423484,EPAX
423524,EPE
423626,EPHE
423742,EPI
424030,EPIQ
424127,EPM
424198,EPOL
424258,EPP
424296,EPR
424517,EPRS
424556,EPS
425308,EPU
425511,EPV
425632,EPZM
426033,EQAL
426036,EQC
426097,EQIX
426787,EQM
427034,EQS
427049,EQT
427631,EQY
427775,ERA
427832,ERB
427854,ERC
427867,ERF
428056,ERIC
428904,ERIE
429012,ERII
429232,ERJ
429651,ERO
429682,EROS
430072,ERS
430094,ERUS
430149,ERX
430306,ERY
430450,ESBF
430459,ESBK
430495,ESCA
430566,ESCR
430573,ESE
430726,ESEA
430975,ESGR
431057,ESI
431522,ESIO
431683,ESL
431989,ESLT
432223,ESMC
432241,ESNT
432403,ESP
432465,ESPR
432912,ESR
432916,ESRT
433030,ESRX
434179,ESS
434524,ESSA
434565,ESSX
434608,ESTE
434777,ESV
435339,ESYS
435381,ETAK
435418,ETB
435425,ETE
435911,ETF
436481,ETFC
437528,ETG
437552,ETH
437821,ETM
438019,ETN
438825,ETO
438841,ETP
439390,ETR
439968,ETRM
440196,ETV
440215,ETW
440229,ETX
440241,ETY
440260,EU
440456,EUDG
440458,EUFN
440534,EUFX
440536,EUM
440538,EUMV
440540,EUO
440882,EURL
440889,EUSA
440891,EV
441323,EVAL
441325,EVAR
441398,EVBS
441430,EVDY
441503,EVEP
441717,EVER
441974,EVF
441982,EVG
442000,EVGN
442121,EVHC
442388,EVI
442495,EVJ
442497,EVK
442556,EVLV
442665,EVM
442675,EVN
442694,EVO
442699,EVOK
442909,EVOL
443017,EVP
443022,EVR
443281,EVRY
443328,EVT
443343,EVTC
443427,EVV
443433,EVX
443436,EVY
443442,EW
444442,EWA
445303,EWBC
445561,EWC
447098,EWCS
447099,EWD
447165,EWG
448061,EWGS
448066,EWH
448187,EWHS
448189,EWI
450097,EWJ
451813,EWK
451856,EWL
452070,EWM
452184,EWN
452221,EWO
452271,EWP
454298,EWQ
454818,EWSS
454821,EWT
455068,EWU
457220,EWUS
457226,EWV
457256,EWW
458719,EWY
459267,EWZ
460888,EXA
461004,EXAM
461067,EXAR
461189,EXE
461205,EXEL
461706,EXFO
461924,EXG
461943,EXI
461946,EXK
462316,EXL
462392,EXLP
462484,EXLS
462707,EXP
462959,EXPD
463328,EXPE
464116,EXPO
464259,EXR
464538,EXT
464542,EXTR
464871,EXXI
465040,EYES
465311,EZA
465486,EZM
465501,EZPW
465757,EZU
465801,F
466431,FAB
466432,FAC
466469,FAF
466616,FAM
466628,FANG
466738,FARM
466889,FARO
467041,FAS
467293,FAST
467819,FATE
467940,FAV
467944,FAX
467997,FAZ
468147,FB
468536,FBC
468739,FBHS
469021,FBIZ
469111,FBMS
469164,FBND
469165,FBNK
469217,FBP
469386,FBR
469492,FBSS
469528,FBT
469605,FBZ
469625,FCA
469648,FCAN
469655,FCAP
469693,FCAU
471248,FCB
471322,FCBC
471371,FCCO
471425,FCE
471442,FCEL
472177,FCF
472318,FCFS
472536,FCG
472668,FCH
472835,FCHI
472842,FCLF
472847,FCN
473125,FCNCA
473191,FCO
473196,FCOM
473206,FCOR
473208,FCS
473603,FCSC
473798,FCT
473817,FCX
475981,FDD
476004,FDEF
476083,FDI
476084,FDIS
476087,FDL
476095,FDM
476096,FDML
476284,FDN
476417,FDO
477462,FDP
477690,FDS
478245,FDTS
478246,FDUS
478337,FDX
480971,FE
481613,FEI
481632,FEIC
481757,FEIM
481843,FELE
481991,FELP
482117,FEM
482122,FEMS
482123,FEN
482144,FENG
482342,FENY
482348,FEO
482360,FEP
482362,FES
482400,FET
482655,FEU
482657,FEX
482662,FEYE
484207,FEZ
484277,FF
484388,FFA
484406,FFBC
484543,FFC
484564,FFG
484659,FFHL
484876,FFIN
484985,FFKT
485017,FFNM
485021,FFR
485023,FGB
485030,FGEN
485232,FGM
485235,FGP
485521,FHCO
485583,FHK
485584,FHLC
485590,FHN
486056,FHY
486062,FI
486241,FIBK
486343,FICO
486552,FIDU
486553,FIF
486567,FIG
486844,FILL
486849,FINL
487696,FINU
487698,FINZ
487701,FIS
488195,FISH
488233,FISI
488313,FISV
488865,FITB
489706,FITBI
489712,FIVE
490476,FIVN
490751,FIW
490764,FIX
490922,FIZZ
491171,FJP
491172,FKO
491181,FKU
491189,FL
492609,FLAT
492611,FLC
492626,FLEX
493095,FLIC
493168,FLIR
493599,FLL
493709,FLM
493711,FLML
493844,FLN
493848,FLO
494239,FLOT
494243,FLR
495042,FLS
495433,FLT
495844,FLTB
495847,FLTR
495850,FLTX
495905,FLWS
496165,FLXN
496280,FLXS
496362,FLY
496561,FM
496628,FMBI
496772,FMC
497304,FMD
497376,FMER
497519,FMI
497680,FMK
497682,FMN
497702,FMNB
497757,FMO
497776,FMS
497988,FMX
498096,FMY
498100,FN
498437,FNB
498647,FNBC
498697,FNCL
498700,FNDA
498703,FNDF
498705,FNDX
498706,FNF
499001,FNFG
499224,FNFV
499236,FNHC
499328,FNI
499342,FNJN
499544,FNK
499545,FNLC
499592,FNRG
499618,FNSR
500565,FNV
500801,FNX
500802,FOE
501057,FOF
501070,FOIL
501071,FOLD
501629,FOMX
501849,FONE
501865,FONR
501938,FOR
502106,FORD
502228,FORM
502539,FORR
502674,FORTY
502747,FORX
502748,FOSL
503776,FOX
504161,FOXA
505700,FOXF
505900,FPE
505903,FPF
505922,FPI
505971,FPL
506009,FPO
506144,FPRX
506477,FPT
506478,FPX
506507,FR
506687,FRA
506715,FRAK
506741,FRAN
507388,FRBA
507436,FRBK
507513,FRC
507878,FRD
507922,FRED
508577,FREE
508697,FRI
508699,FRM
508775,FRME
508871,FRN
508938,FRO
509602,FRP
509695,FRPH
509721,FRPT
509937,FRS
509969,FRSH
510120,FSAM
510182,FSBK
510213,FSBW
510269,FSC
510478,FSFG
510503,FSGI
510541,FSI
510603,FSIC
510665,FSL
510906,FSLR
513144,FSM
513329,FSNN
513458,FSP
513570,FSRV
513606,FSS
513781,FSTR
513986,FSYS
514134,FSZ
514138,FT
514183,FTA
514184,FTC
514192,FTCS
514193,FTD
514356,FTEK
514547,FTF
514559,FTI
515296,FTK
515577,FTLS
515578,FTNT
516468,FTR
517200,FTSL
517204,FTSM
517205,FTT
517207,FUD
517209,FUE
517213,FUEL
517288,FUL
517646,FULL
517704,FULT
517912,FUN
518185,FUNC
518233,FUND
518266,FUR
518342,FUTY
518345,FV
518364,FVD
518380,FVE
518535,FVL
518540,FWDB
518541,FWM
518566,FWP
518684,FWRD
518883,FWV
518888,FXA
519388,FXB
519870,FXC
519960,FXCB
519986,FXCM
520338,FXD
520359,FXF
520660,FXG
520700,FXH
520720,FXI
521550,FXL
521561,FXN
521578,FXO
521598,FXP
521834,FXR
521843,FXS
521850,FXSG
521853,FXY
522485,FXZ
522501,FYC
522502,FYLD
522503,G
522921,GAA
522922,GAB
522947,GABC
523019,GAI
523051,GAIA
523163,GAIN
523348,GAINO
523350,GAL
523351,GALE
523721,GALT
524090,GALTU
524092,GAM
524138,GARS
524176,GAS
524336,GAZ
524394,GB
524498,GBAB
524512,GBB
524543,GBCI
524669,GBDC
524788,GBIM
524831,GBL
524975,GBLI
525024,GBNK
525083,GBR
525252,GBSN
525372,GBX
525875,GCA
525979,GCAP
526214,GCBC
526245,GCC
526267,GCH
526273,GCI
527102,GCO
527630,GCV
527643,GCVRZ
527644,GD
528905,GDAY
528906,GDEF
528911,GDF
528912,GDL
528925,GDO
528942,GDOT
529530,GDP
529819,GDV
529845,GDX
530620,GDXJ
530894,GEF
531234,GEL
531509,GENE
531830,GEO
532212,GEOS
532254,GER
532275,GERN
532837,GEUR
532838,GEVA
532974,GEVO
533528,GEX
533558,GF
533575,GFA
533681,GFED
533730,GFF
533886,GFI
534305,GFIG
534434,GFNCP
534440,GFY
534455,GG
535003,GGAC
535007,GGB
535230,GGE
535232,GGG
535443,GGM
535452,GGN
535467,GGOV
535469,GGP
536000,GGT
536013,GGZ
536021,GHC
536059,GHDX
536370,GHI
536372,GHL
536608,GHM
536746,GHY
536769,GIB
537039,GIFI
537127,GIG
537253,GIGA
537343,GIGM
537475,GII
537480,GIII
538151,GIL
538506,GILD
541479,GILT
541639,GIM
541643,GIMO
541860,GIS
543279,GK
543297,GKNT
543353,GLAD
543482,GLBS
543838,GLBZ
543871,GLD
545905,GLDC
545928,GLDX
545936,GLF
546082,GLL
546141,GLMD
546359,GLNG
546771,GLOB
546948,GLOG
547198,GLOP
547268,GLP
547486,GLPW
547544,GLQ
547556,GLRE
547660,GLRI
547684,GLT
547850,GLTR
547896,GLU
547905,GLUU
548611,GLV
548626,GLYC
548826,GM
548836,GMAN
548993,GMCR
550765,GME
552518,GMED
552771,GMF
552773,GMFS
552775,GMK
552784,GMLP
552955,GMM
552958,GMO
553104,GMOM
553106,GMT
553221,GMZ
553243,GNBC
553298,GNC
553972,GNCA
554271,GNCMA
554370,GNE
554516,GNI
554541,GNMA
554545,GNMK
554824,GNRC
555158,GNTX
555441,GNVC
555566,GNW
556148,GOF
556155,GOGO
556309,GOL
556752,GOLD
557533,GOMO
557585,GOODN
557588,GOODO
557597,GOODP
557606,GOOG
558815,GOOGL
560400,GORO
560584,GOV
560691,GOVT
560692,GPC
561086,GPI
561387,GPIC
561431,GPK
561681,GPL
561824,GPM
561831,GPN
562544,GPOR
563132,GPRE
563382,GPRK
563480,GPRO
565772,GPS
567913,GPT
568072,GPX
568210,GQRE
568214,GRAM
568273,GRBK
568366,GRC
568475,GREK
569419,GRF
569421,GRFS
569557,GRH
569607,GRI
569608,GRIF
569672,GRMN
570487,GRN
570500,GRO
570562,GRPN
572657,GRR
572660,GRT
572751,GRU
572753,GRUB
573789,GRVY
573921,GRX
573948,GSAT
574296,GSB
574388,GSBC
574448,GSC
574450,GSH
574493,GSI
574599,GSIT
574749,GSK
576343,GSL
576476,GSOL
576534,GSP
576536,GSS
576687,GST
576878,GSVC
577091,GSY
577092,GTAA
577094,GTE
577255,GTI
577371,GTIM
577556,GTIV
577749,GTLS
578022,GTS
578173,GTT
578246,GTU
578252,GTWN
578263,GTXI
578490,GTY
578601,GUID
578717,GULF
578781,GULTU
578783,GUR
578827,GURE
578961,GURU
578974,GURX
578975,GUT
578991,GVA
579278,GVAL
579280,GVI
579281,GVP
579382,GWB
579469,GWGH
579554,GWL
579555,GWPH
580711,GWR
581160,GWRE
581520,GWW
582154,GWX
582155,GXC
582251,GXF
582290,GXG
582400,GXP
582562,GY
582654,GYEN
582655,GZT
582705,H
583318,HA
583960,HABT
584170,HACK
584281,HAE
584587,HAFC
584751,HAIN
585414,HAL
587435,HALL
587524,HALO
588107,HAP
588129,HAR
588427,HAS
589731,HASI
589858,HAWK
590071,HAWKB
590072,HAYN
590236,HBAN
590829,HBCP
590886,HBHC
591064,HBI
591625,HBIO
591757,HBK
591764,HBM
591910,HBMD
591963,HBNC
592065,HBNK
592080,HBOS
592118,HBP
592195,HCA
592913,HCAC
592930,HCAP
592989,HCBK
593191,HCC
593390,HCCI
593480,HCHC
593645,HCI
593764,HCKT
593905,HCLP
594140,HCN
594473,HCOM
594538,HCP
595044,HCSG
595254,HCT
595269,HD
597886,HDB
598087,HDGE
598093,HDNG
598153,HDP
598366,HDRA
598369,HDRAU
598373,HDS
598503,HDSN
598673,HDV
598733,HDY
598832,HE
599054,HEAR
599448,HEB
599751,HEDJ
599823,HEES
599960,HEI
600319,HELE
600721,HELI
600727,HEOP
600766,HEP
600928,HERO
601180,HEWG
601184,HEWJ
601189,HEZU
601194,HF
601363,HFBC
601417,HFBL
601459,HFC
601948,HFFC
601976,HFWA
602083,HGG
602348,HGH
602349,HGI
602354,HGR
602458,HGSH
602541,HGT
602574,HH
602627,HHC
602829,HHS
603036,HI
603154,HIE
603158,HIFS
603204,HIG
603849,HIIQ
604156,HIL
604413,HILL
604543,HILO
604571,HIO
604584,HIPS
604585,HIVE
604755,HIW
604939,HIX
604942,HK
605382,HKOR
605383,HKTV
605392,HL
605906,HLIT
606168,HLS
606460,HLSS
606550,HLT
607092,HLX
607391,HMC
608547,HME
608713,HMG
608719,HMLP
608811,HMN
608920,HMNY
609650,HMPR
609700,HMSY
609996,HMTV
610044,HMY
610391,HNH
610453,HNI
610642,HNNA
610681,HNP
610816,HNR
611068,HNRG
611150,HNSN
611292,HNT
611582,HNW
611596,HOFT
611752,HOG
612695,HOLI
612907,HOLX
613670,HOMB
613880,HOS
614126,HOT
614900,HOTRW
614901,HOV
615400,HOVNP
615404,HP
616056,HPI
616074,HPJ
616201,HPP
616431,HPQ
616441,HPS
616452,HPT
616590,HPTX
616665,HPY
616851,HQH
616870,HQL
616896,HQY
617193,HRC
617504,HRS
618150,HRT
618181,HRTG
618225,HRTX
618343,HRZN
618544,HSBC
618941,HSC
619235,HSEA
619237,HSGX
619397,HSIC
619820,HSII
619979,HSKA
620105,HSNI
620332,HSOL
620481,HSON
620549,HSP
620897,HSPX
620898,HSTM
621072,HSY
622073,HT
622325,HTA
622491,HTBI
622545,HTBK
622614,HTBX
622963,HTCH
623052,HTD
623059,HTF
623060,HTGC
623324,HTH
623468,HTHT
623801,HTLF
623950,HTM
624034,HTR
624036,HTS
624229,HTWO
624234,HTWR
624446,HTY
624469,HTZ
625979,HUB
625981,HUBG
626300,HUBS
626610,HUM
628183,HUN
628702,HURC
628762,HURN
628976,HUSA
629080,HVB
629104,HVT
629281,HW
629430,HWAY
629638,HWBK
629676,HWCC
629758,HWKN
629817,HXL
630177,HY
630219,HYB
630238,HYD
630367,HYEM
630401,HYG
630669,HYGS
630818,HYH
630899,HYHG
630900,HYI
630924,HYLD
630929,HYLS
630930,HYMB
630943,HYND
630944,HYS
630951,HYT
630977,HYXU
630981,HZNP
631755,HZO
631930,IACI
632344,IAE
632362,IAF
632369,IAG
632871,IAI
632915,IAK
632936,IART
633309,IAT
633332,IAU
633573,IBB
634915,IBCA
634931,IBCC
634932,IBCP
635018,IBIO
635412,IBKC
635600,IBKR
635977,IBLN
635979,IBM
637062,IBN
637301,IBND
637302,IBOC
637368,IBP
637542,IBTX
637597,ICA
637652,ICAD
637807,ICB
637808,ICCC
637919,ICD
638042,ICE
638962,ICEL
638995,ICF
639025,ICFI
639296,ICI
639297,ICL
639385,ICLD
639526,ICLN
639547,ICLR
639801,ICN
639827,ICON
640170,ICPT
640895,ICUI
641120,IDA
641255,IDHB
641260,IDHQ
641261,IDI
641311,IDLV
641327,IDN
641492,IDOG
641494,IDRA
641877,IDSY
641994,IDT
642179,IDTI
642577,IDU
642607,IDV
642633,IDX
642922,IDXJ
642936,IDXX
643222,IEC
643334,IEF
643439,IEFA
643458,IEI
643459,IEMG
643501,IEO
643583,IEP
644169,IESC
644267,IEUR
644273,IEX
644542,IEZ
644630,IF
644633,IFF
645050,IFGL
645051,IFMI
645080,IFN
645137,IFON
645216,IFT
645273,IFV
645276,IG
645343,IGA
645356,IGC
645660,IGE
645661,IGF
645709,IGHG
645710,IGLD
645842,IGM
645845,IGN
645851,IGR
645872,IGT
646593,IGTE
646789,IGU
646790,IGV
646810,IHC
646870,IHDG
646879,IHE
646921,IHF
646965,IHI
647025,IHT
647059,IHY
647079,IID
647094,IIF
647108,III
647254,IIIN
647387,IILG
647477,IIM
647491,IIN
647644,IIVI
647986,IJH
648017,IJJ
648021,IJK
648036,IJNK
648037,IJR
648108,IJS
648111,IJT
648119,IKAN
648171,IKGH
648178,IKNX
648226,IL
648363,ILF
648577,ILMN
649827,ILTB
649829,IM
650119,IMAX
650849,IMDZ
650981,IMI
651097,IMKTA
651198,IMLP
651199,IMMU
651876,IMN
651974,IMNP
652086,IMO
652192,IMOS
652389,IMPR
652450,IMPV
652857,IMRS
652892,IMS
652922,IMUC
653068,INAP
653323,INB
653333,INBK
653370,INCO
653401,INCR
653523,INCY
654405,IND
654456,INDA
654709,INDB
654843,INDL
654902,INDY
654954,INF
654972,INFA
655310,INFI
655715,INFN
656303,INFU
656374,INFY
657027,INGN
657273,INGR
657468,ININ
657590,INKM
657593,INN
657810,INO
658962,INOD
659008,INP
659066,INPH
659107,INR
659111,INS
659217,INSY
659757,INTC
659767,INTG
659779,INTL
659876,INTT
659961,INTU
661059,INTX
661142,INUV
661294,INVE
661513,INVN
661788,INVT
661842,INWK
662063,INXN
662289,INXX
662323,INY
662325,IO
662589,IOC
662957,IOIL
662964,IOSP
663069,IOT
663090,IP
664043,IPAC
664046,IPAR
664356,IPAS
664512,IPB
664513,IPCC
664584,IPCI
664797,IPCM
665000,IPD
665002,IPDN
665095,IPF
665099,IPG
665593,IPGP
665900,IPHS
666053,IPI
666469,IPK
666471,IPKW
666472,IPO
666511,IPU
666512,IPW
666546,IPWR
666678,IPXL
667150,IQDY
667152,IQI
667165,IQNT
667262,IR
667937,IRBT
668587,IRC
668663,IRDM
668886,IRDMB
668892,IRDMZ
668895,IRE
669053,IRET
669215,IRF
669330,IRIX
669479,IRL
669516,IRMD
669660,IROQ
669689,IRR
669697,IRS
669766,IRT
669822,IRWD
670225,ISBC
670380,ISCA
670636,ISD
670661,ISDR
670674,ISF
670676,ISG
670678,ISH
670715,ISIG
670787,ISIL
671090,ISIS
671552,ISL
671555,ISLE
671743,ISNS
671868,ISP
671869,ISR
672081,ISRA
672095,ISRL
672124,ISSC
672192,ISSI
672329,IST
672337,ISTB
672341,ISTR
672390,IT
673141,ITA
673200,ITB
673397,ITC
673687,ITCI
673992,ITE
673994,ITF
674002,ITG
674237,ITIC
674285,ITLT
674286,ITLY
674289,ITM
674310,ITOT
674319,ITR
674321,ITRI
674766,ITRN
674880,ITT
675265,ITUB
675623,ITW
676326,IUSB
676330,IUSG
676333,IUSV
676334,IVAC
676492,IVAL
676493,IVAN
676560,IVC
676733,IVE
676755,IVH
676769,IVOP
676771,IVR
677084,IVV
677186,IVW
677204,IVZ
677775,IWB
677795,IWC
677815,IWD
677843,IWM
678977,IWN
678986,IWO
679014,IWR
679019,IWS
679022,IWV
679026,IX
679059,IXC
679112,IXJ
679128,IXP
679134,IXUS
679137,IXYS
679205,IYC
679225,IYE
679280,IYF
679332,IYG
679354,IYJ
679371,IYK
679399,IYLD
679401,IYM
679427,IYR
679584,IYY
679587,IYZ
679646,JACK
680444,JAH
680702,JAKK
681113,JASN
681200,JASO
681950,JAXB
681973,JAZZ
682699,JBHT
683500,JBL
684415,JBLU
685972,JBR
685973,JBSS
686062,JBT
686297,JCE
686313,JCI
687222,JCOM
687560,JCP
690058,JCS
690167,JCTCF
690210,JD
691407,JDD
691433,JDST
691459,JDSU
691941,JEC
692777,JEQ
692788,JFC
692790,JFR
692808,JGBD
692812,JGBL
692815,JGBS
692817,JGBT
692821,JGH
692842,JGW
692880,JHI
692902,JHS
692907,JHX
693051,JIVE
693245,JJA
693247,JJC
693813,JJG
693925,JJM
693926,JJN
693930,JJP
693932,JJSF
694082,JJT
694083,JJU
694086,JKE
694092,JKF
694093,JKG
694094,JKH
694097,JKI
694099,JKK
694101,JKL
694103,JKS
694949,JLL
695252,JMEI
695420,JMI
695442,JMLP
695453,JMP
695587,JNJ
698520,JNK
698779,JNPR
700177,JNS
700539,JNUG
700588,JO
700663,JOB
700710,JOBS
700921,JOE
701176,JOEZ
701265,JOF
701276,JONE
701475,JOUT
701585,JOY
702228,JPC
702250,JPEM
702252,JPEP
702288,JPGE
702290,JPI
702311,JPIN
702315,JPM
702325,JPMV
702326,JPNL
702329,JPP
702334,JPS
702356,JQC
702370,JRI
702389,JRJC
702580,JRN
702651,JRO
702662,JRS
702674,JRVR
702760,JSC
702764,JST
702838,JTA
702851,JTD
702862,JTP
702863,JTPY
702918,JUNO
703383,JUNR
703386,JVA
703607,JW
703614,JWN
705349,JXI
705350,JXSB
705373,JYN
705389,JYNT
705481,K
706795,KAI
706960,KALU
707237,KANG
707379,KAR
707675,KATE
708117,KB
708187,KBA
708202,KBAL
708257,KBE
708376,KBH
709597,KBIO
709844,KBR
710487,KBSF
710601,KBWB
710624,KBWC
710626,KBWD
710627,KBWI
710628,KBWP
710636,KBWR
710642,KBWY
710645,KCAP
710731,KCC
710734,KCE
710742,KCG
711129,KCLI
711145,KCNY
711148,KE
711183,KED
711234,KEF
711242,KEG
711530,KELYA
711699,KEM
711924,KEP
712089,KEQU
712178,KERX
712605,KEX
712875,KEY
713480,KEYS
713778,KEYW
713991,KF
714026,KFFB
714054,KFH
714055,KFI
714056,KFS
714102,KFX
714152,KFY
714458,KFYP
714463,KGC
715096,KGJI
715210,KHI
715211,KIE
715266,KIM
715653,KIN
715850,KINS
715933,KIO
715956,KIQ
715973,KIRK
716393,KITE
716774,KKD
717228,KKR
718272,KLAC
718974,KLXI
719063,KMB
719762,KMDA
719978,KME
719982,KMF
720034,KMG
720187,KMI
721001,KMM
721005,KMPR
721117,KMT
721441,KMX
722316,KND
722682,KNDI
723182,KNL
723356,KNM
723387,KNOP
723476,KNOW
723505,KO
726298,KODK
726521,KOF
726645,KOL
727024,KOLD
727031,KONA
727202,KONE
727331,KOOL
727669,KOP
727919,KOPN
728106,KORS
729397,KORU
729400,KOS
729780,KOSS
729889,KPTI
730382,KR
732181,KRC
732387,KRE
732574,KRG
732753,KRNY
732831,KROO
732865,KRU
732867,KS
733079,KSM
733091,KSS
734872,KST
734873,KSU
735670,KT
735722,KTCC
735844,KTEC
735888,KTF
735904,KTOS
736588,KTWO
736708,KUTV
736789,KVHI
736936,KW
737128,KWEB
737182,KWR
737347,KWT
737415,KXI
737440,KYE
737470,KYN
737565,KYO
737622,KYTH
737711,KZ
737744,L
738170,LABC
738181,LABL
738307,LACO
738338,LAD
738642,LADR
738786,LAKE
739546,LAMR
739850,LANC
739994,LAND
740082,LARK
740105,LAS
740176,LAYN
740441,LAZ
740767,LBAI
740873,LBF
740875,LBIX
740965,LBMH
740987,LBRDA
741032,LBRDK
741064,LBTYA
741537,LBTYB
741569,LBTYK
741630,LBY
741763,LCI
742294,LCM
742297,LCNB
742350,LCUT
742476,LD
742477,LDL
742597,LDOS
743046,LDP
743071,LDR
743173,LDRH
743257,LE
743305,LECO
743555,LEDS
743981,LEE
744107,LEG
744365,LEI
744542,LEJU
744670,LEMB
744709,LEN
746113,LEO
746137,LEU
746252,LEVY
746253,LEVYU
746256,LFC
746473,LFUS
746682,LFVN
746836,LG
746943,LGCY
747220,LGF
748169,LGI
748177,LGND
748712,LH
749388,LHCG
749659,LII
750040,LIME
750112,LINC
750283,LINE
750699,LION
750774,LIOX
750852,LIQD
750904,LIQT
751055,LIT
751119,LITB
751204,LIVE
751492,LJPC
751815,LKFN
751899,LL
753007,LLDM
753008,LLEM
753009,LLEX
753128,LLL
753726,LLNW
754098,LLSC
754100,LLTC
754516,LLY
756917,LM
757544,LMAT
757728,LMBS
757729,LMCA
758061,LMCB
758071,LMCK
758077,LMIA
758197,LMLP
758224,LMNR
758437,LMNX
758721,LMOS
758844,LMRK
758924,LMT
761137,LNBB
761181,LNC
761627,LNCE
761790,LNCO
761851,LND
761856,LNDC
762083,LNKD
763994,LNN
764281,LNT
764553,LOAN
764621,LOCK
764683,LOCM
764793,LOCO
764872,LODE
764969,LOGI
765440,LOGM
765861,LOJN
765944,LONG
766045,LOOK
766100,LOPE
766408,LORL
766499,LOV
766594,LOW
768606,LPCN
768908,LPG
769032,LPHI
769126,LPI
769522,LPL
769822,LPLA
770130,LPNT
770472,LPSN
770841,LPT
770902,LPTH
771028,LPTN
771093,LPX
771625,LQ
771674,LQD
771866,LRAD
771985,LRCX
772691,LRE
772780,LRN
773019,LSBK
773048,LSC
773050,LSCC
773407,LSG
773456,LSTR
773811,LTBR
773997,LTC
774161,LTL
774166,LTM
774456,LTPZ
774460,LTRPA
774550,LTRPB
774590,LTRX
774640,LTS
774779,LTXB
774852,LUB
774983,LULU
775033,LUV
775523,LUX
775650,LVL
775655,LVLT
776218,LVNTA
776255,LVNTB
776259,LVS
776309,LWAY
776441,LWC
776444,LXFR
776547,LXFT
776612,LXK
776972,LXP
777157,LXRX
777617,LXU
777848,LYB
778480,LYTS
778605,LYV
779077,LZB
779516,M
782596,MA
784788,MAA
785163,MAB
785172,MAC
785702,MACK
786057,MAG
786158,MAGS
786305,MAIN
786495,MAMS
786545,MAN
786949,MANH
787185,MANT
787564,MAR
788886,MARA
789264,MARK
789538,MARPS
789552,MAS
790070,MASI
790480,MATR
790559,MATW
790700,MATX
790850,MAV
790856,MAYS
790870,MBB
790892,MBCN
790932,MBFI
791082,MBG
791083,MBII
791271,MBLX
791395,MBLY
791477,MBRG
791495,MBT
791706,MBTF
791760,MBUU
791930,MBVT
791967,MBWM
792071,MC
792138,MCBC
792188,MCC
792309,MCD
794517,MCF
794689,MCGC
794781,MCHI
794835,MCHP
795619,MCHX
795799,MCK
796770,MCN
796776,MCO
797597,MCOX
797626,MCP
798297,MCR
798321,MCRI
798411,MCRL
798488,MCRO
798491,MCS
798679,MCUR
798744,MCV
798745,MCY
798900,MCZ
798970,MD
799506,MDAS
799805,MDC
800131,MDCA
800379,MDCO
801039,MDD
801045,MDGN
801116,MDIV
801125,MDLY
801215,MDLZ
801433,MDP
801867,MDRX
802510,MDSO
802766,MDSY
802770,MDT
804698,MDU
804923,MDVN
805554,MDVXU
805558,MDW
805594,MDWD
805744,MDXG
806206,MDY
806291,MDYG
806293,MDYV
806296,MEA
806363,MEET
806743,MEG
806970,MEI
807183,MEIL
807193,MEIP
807444,MELA
807581,MELR
807600,MEN
807640,MENT
807934,MEP
807999,MERC
808175,MERU
808256,MES
808293,MET
809300,METR
809341,MFA
809574,MFC
809807,MFD
809815,MFG
809881,MFI
809916,MFL
809933,MFLX
810023,MFM
810036,MFNC
810086,MFRI
810124,MFRM
810489,MFSF
810559,MFT
810573,MFV
810576,MG
810820,MGA
811305,MGCD
811347,MGEE
811463,MGF
811471,MGH
811476,MGIC
811577,MGK
811580,MGLN
811914,MGN
811957,MGNX
812299,MGPI
812467,MGR
812470,MGRC
812561,MGT
812762,MGU
812785,MGV
812788,MHD
812799,MHE
812810,MHF
812819,MHFI
812855,MHGC
812964,MHH
813026,MHI
813030,MHK
813414,MHN
813436,MHNC
813437,MHO
813594,MHR
813969,MIC
814170,MICT
814321,MIDD
814525,MIDU
814526,MIDZ
814528,MIE
814538,MIFI
814585,MIK
814737,MIL
814792,MILL
814934,MIN
814941,MINC
814942,MIND
815128,MINI
815308,MINT
815314,MITL
815558,MITT
815704,MIW
815711,MIXT
815803,MIY
815823,MJN
816333,MKC
816932,MKL
817097,MKSI
817341,MKTO
817398,MKTX
817645,MLAB
817747,MLHR
818091,MLM
818463,MLN
818469,MLNK
818563,MLNX
819247,MLP
819349,MLPA
819372,MLPJ
819374,MLPL
819375,MLPX
819386,MLR
819458,MLVF
819512,MM
819703,MMAC
819730,MMC
820224,MMD
820234,MMI
820666,MMLP
820846,MMM
822332,MMP
822763,MMS
822990,MMSI
823257,MMT
823276,MMU
823294,MMV
823297,MMYT
823542,MNA
823572,MNE
823583,MNGA
823876,MNI
824058,MNK
824432,MNKD
825281,MNOV
825627,MNP
825641,MNR
825773,MNRK
825800,MNRO
826100,MNST
827039,MNTA
827500,MNTX
827623,MO
829089,MOAT
829103,MOBI
829268,MOBL
829347,MOC
829414,MOCO
829452,MOD
829636,MODN
829798,MOFG
829848,MOG
829883,MOH
830512,MOKO
830523,MOLG
830554,MOMO
831055,MON
832855,MONY
832856,MOO
833109,MORE
833181,MORN
833387,MOS
834714,MOV
835111,MPA
835148,MPAA
835304,MPB
835372,MPC
836219,MPEL
836933,MPET
837015,MPLX
837145,MPO
837307,MPV
837312,MPW
837600,MPWR
837890,MPX
837985,MQT
838002,MQY
838012,MRC
838222,MRCC
838267,MRCY
838727,MRD
838812,MRGR
838813,MRH
838886,MRIN
838963,MRK
842313,MRKT
842410,MRLN
842486,MRNS
842829,MRO
843884,MRTN
844059,MRVC
844088,MRVL
845602,MS
848848,MSA
849019,MSB
849078,MSBF
849117,MSC
849142,MSCC
849482,MSCI
849832,MSEX
849979,MSF
849991,MSFG
850040,MSG
850539,MSI
851258,MSLI
851338,MSM
851683,MSN
851735,MSO
851935,MSON
852108,MSP
852110,MSTR
852271,MSTX
852375,MT
853324,MTB
853897,MTBC
854055,MTD
854312,MTDR
854645,MTEX
854733,MTG
855122,MTGE
855225,MTH
855574,MTK
855614,MTLS
855736,MTN
856276,MTOR
856636,MTR
856656,MTRN
856809,MTRX
857032,MTS
857037,MTSC
857225,MTSI
857538,MTSL
857692,MTSN
857765,MTT
857773,MTU
857847,MTUM
857880,MTW
858403,MU
861547,MUA
861555,MUB
861652,MUC
861670,MUE
861681,MUH
861699,MUS
861720,MUSA
861892,MVC
861984,MVF
861993,MVG
862050,MVIS
862381,MVNR
862442,MVO
862462,MW
863238,MWA
863417,MWE
863698,MWIV
863792,MWV
863996,MX
864223,MXC
864289,MXF
864302,MXI
864369,MXIM
865068,MXL
865306,MXWL
865527,MY
865641,MYC
865652,MYCC
865693,MYD
865703,MYE
865857,MYF
865862,MYGN
866809,MYI
866829,MYJ
866850,MYL
868833,MYN
868848,MYOS
868983,MYRG
869149,MYY
869151,MZF
869152,MZOR
869182,MZZ
869186,NAC
869194,NAD
869228,NADL
869274,NAII
869346,NAK
869536,NAME
869577,NAN
869603,NANO
869852,NAO
869947,NAP
870003,NAT
870463,NATH
870529,NATI
870716,NATL
870774,NAUH
870843,NAV
871909,NAVB
872201,NAVI
872328,NAZ
872357,NBBC
872410,NBG
873941,NBH
873946,NBHC
873995,NBIX
874496,NBL
875337,NBN
875387,NBO
875391,NBR
876103,NBS
876238,NBTB
876319,NBTF
876334,NBY
876610,NC
876730,NCA
876738,NCB
876747,NCFT
876772,NCI
876931,NCIT
877083,NCLH
877350,NCMI
877652,NCQ
877668,NCR
878154,NCTY
878326,NCZ
878343,NDAQ
879455,NDLS
879554,NDP
879578,NDRO
879628,NDSN
880006,NE
880798,NEA
880837,NECB
880844,NEE
881537,NEM
882686,NEN
882698,NEO
882804,NEOG
883057,NEOT
883130,NEP
883247,NEPT
883599,NERV
883856,NES
883888,NETE
884190,NEU
884294,NEWM
884417,NEWP
884515,NEWS
884613,NEWT
884749,NFBK
884803,NFEC
884983,NFG
885198,NFJ
885221,NFLX
888230,NFO
888255,NFRA
888257,NFX
888686,NG
888916,NGD
889126,NGE
889156,NGG
889326,NGHC
889425,NGHCP
889426,NGL
889739,NGLS
889920,NGS
889998,NGVC
890178,NHC
890253,NHF
890266,NHI
890473,NHS
890488,NHTB
890502,NI
891007,NIB
891045,NICE
891333,NICK
891401,NID
891411,NILE
891623,NIM
891630,NIO
892070,NIQ
892084,NJ
892226,NJR
892419,NJV
892434,NKA
892524,NKG
892539,NKSH
892571,NKTR
893250,NKX
893280,NKY
893292,NL
893361,NLNK
894032,NLR
894040,NLS
894337,NLSN
894942,NLST
895192,NLY
895687,NM
895933,NMBL
896138,NMI
896157,NMIH
896279,NML
896285,NMM
896502,NMO
896504,NMR
896605,NMRX
896681,NMS
896700,NMT
896721,NMY
896744,NMZ
896761,NNA
896957,NNC
896981,NNI
897090,NNN
897305,NNVC
897619,NNY
897624,NOA
897750,NOAH
897944,NOBL
897964,NOC
899175,NOG
899446,NOK
901677,NOM
901692,NOR
901817,NORD
901876,NORW
901969,NOV
902678,NOW
903338,NP
903477,NPBC
903564,NPD
903642,NPK
903687,NPO
903833,NPP
903835,NPSP
904112,NPTN
904518,NPV
904560,NR
904755,NRCIA
904766,NRCIB
904780,NRF
904986,NRG
905740,NRIM
905798,NRK
905829,NRO
905833,NRP
905970,NRT
906005,NRX
906077,NRZ
906284,NS
906581,NSAM
906673,NSC
907864,NSEC
907908,NSH
907989,NSIT
908174,NSL
908193,NSM
908628,NSP
908843,NSPH
908999,NSPR
909276,NSR
909494,NSSC
909586,NSTG
909788,NTAP
911329,NTES
911946,NTG
911976,NTGR
912256,NTI
912368,NTIC
912482,NTIP
912578,NTK
912655,NTL
912668,NTLS
912760,NTN
912855,NTP
912908,NTRS
913429,NTRSP
913438,NTT
913538,NTWK
913711,NTX
913724,NU
913878,NUAN
914631,NUO
914649,NURO
914930,NUTR
914973,NUV
914985,NUVA
915575,NUW
915590,NVAX
916739,NVCN
917098,NVDA
920237,NVDQ
920288,NVEC
920330,NVEE
920523,NVFY
920678,NVG
920699,NVGN
920864,NVGS
920952,NVMI
921117,NVO
921809,NVR
922052,NVRO
922381,NVS
924163,NVSL
924178,NVX
924179,NWBI
924284,NWBO
924385,NWE
924584,NWFL
924633,NWHM
924720,NWL
925486,NWLI
925533,NWN
925695,NWPX
925803,NWS
926207,NWSA
927272,NWY
927512,NXJ
927541,NXN
927544,NXP
927565,NXPI
928665,NXQ
928674,NXR
928679,NXST
928995,NXTD
929094,NXTDW
929095,NXTM
929251,NYCB
929350,NYF
929351,NYH
929358,NYLD
929407,NYMT
929621,NYMTP
929624,NYMX
929839,NYNY
929937,NYRT
930037,NYT
930624,NYV
930632,NZF
930656,O
930766,OAK
930917,OAKS
930941,OAS
931450,OB
931537,OBCI
931636,OC
932200,OCC
932287,OCFC
932389,OCIP
932437,OCIR
932459,OCLR
932942,OCLS
933091,OCN
933744,OCR
934006,OCRX
934038,OCUL
934427,ODC
934520,ODP
935507,OEC
935625,OEF
935633,OESX
935798,OFC
936066,OFED
936090,OFG
936229,OFIX
936450,OFLX
936509,OFS
936548,OGCP
936550,OGE
936825,OGEN
936974,OGS
937082,OGXI
937234,OHAI
937259,OHGI
937388,OHI
937690,OHRP
937876,OI
938376,OIA
938394,OIBR
938423,OIH
938764,OIIM
938904,OILT
938965,OIS
939298,OKE
939846,OKS
940144,OKSB
940205,OLED
940594,OLEM
940595,OLN
940946,OLO
940947,OLP
941038,OMAB
941183,OMAM
941236,OMC
941741,OMCL
941966,OME
942108,OMED
942364,OMER
942853,OMEX
942984,OMG
943074,OMI
943423,OMN
943620,ONB
943796,ONCY
944069,ONE
944255,ONEF
944256,ONEQ
944257,ONFC
944278,ONNN
944585,ONP
944695,ONTX
945037,ONTY
945266,ONVI
945298,ONVO
945654,OPB
945771,OPHC
945836,OPHT
946061,OPK
946870,OPOF
946898,OPTT
947287,OPWR
947309,OPXA
947433,OPY
947555,ORAN
947585,ORB
947704,ORBC
947873,ORBK
948024,ORCL
950723,OREX
951196,ORI
951351,ORIG
951610,ORIT
951686,ORLY
952297,ORM
952350,ORN
952578,ORPN
952722,ORRF
952777,OSBC
952822,OSGB
952831,OSHC
952867,OSIR
953047,OSIS
953515,OSK
954057,OSM
954058,OSN
954189,OSTK
955128,OSUR
955429,OTEL
955497,OTEX
955838,OTIC
956032,OTIV
956234,OTTR
956359,OUTR
956397,OVBC
956436,OVLY
956458,OVTI
956953,OWW
957306,OXBR
957343,OXFD
957444,OXLC
957541,OXLCO
957549,OXM
957923,OXY
959098,OZM
959281,OZRK
959598,P
961814,PAA
962486,PAAS
962920,PACB
963239,PACD
963473,PACW
963691,PAF
963693,PAG
964011,PAGG
964013,PAGP
964277,PAH
964357,PAHC
964499,PAI
964504,PAL
964578,PALL
965026,PAM
965165,PANL
965436,PANW
966768,PAR
967043,PARN
967045,PARR
967140,PATK
967265,PAY
968161,PAYC
968563,PAYX
969222,PB
969370,PBA
969526,PBCP
969535,PBCT
969818,PBD
969822,PBE
969840,PBF
969989,PBFX
970084,PBH
970314,PBHC
970342,PBI
970787,PBIB
970832,PBIP
970883,PBJ
970967,PBM
971021,PBMD
971162,PBPB
971264,PBR
972600,PBS
972654,PBSK
972670,PBT
972715,PBW
972751,PBY
973054,PBYI
973269,PCEF
973270,PCF
973273,PCG
975028,PCH
975188,PCI
975203,PCL
975401,PCLN
977068,PCM
977074,PCMI
977202,PCN
977232,PCO
977255,PCOM
977342,PCP
977646,PCQ
977651,PCRX
978070,PCTI
978207,PCTY
978332,PCY
978468,PCYC
978896,PCYG
978973,PCYO
979063,PDCE
979465,PDCO
979894,PDEX
979954,PDFS
980062,PDI
980081,PDII
980151,PDLI
980486,PDN
980488,PDP
980528,PDS
980769,PDT
980800,PE
981220,PEBK
981254,PEBO
981347,PED
981381,PEG
981941,PEGI
982039,PEI
982271,PEIX
982508,PEJ
982547,PEK
982585,PENN
983256,PENX
983310,PEO
983349,PEOP
983363,PEP
985498,PER
985607,PERF
985659,PERI
985931,PERM
985936,PERY
986359,PES
986564,PESI
986661,PETM
987232,PETS
987534,PETX
987780,PEY
987801,PEZ
987814,PF
987945,PFBC
988046,PFBI
988097,PFBX
988119,PFD
988132,PFE
989930,PFF
989986,PFG
990374,PFI
990378,PFIE
990471,PFIG
990472,PFK
990473,PFL
990481,PFLT
990559,PFM
990562,PFMT
990701,PFN
990717,PFNX
990896,PFO
990903,PFPT
991339,PFS
991483,PFSI
991606,PFSW
991744,PFX
991752,PFXF
991762,PG
993065,PGAL
993069,PGC
993139,PGEM
993219,PGF
993253,PGHY
993260,PGI
993333,PGJ
993365,PGM
993367,PGN
993564,PGNX
993959,PGP
993965,PGR
994560,PGRE
994673,PGTI
994834,PGX
994855,PGZ
994858,PH
995451,PHB
995493,PHD
995512,PHDG
995514,PHF
995518,PHG
995979,PHH
996209,PHI
996277,PHII
996351,PHIIK
996376,PHK
996403,PHM
997331,PHMD
997440,PHO
997472,PHT
997493,PHX
997574,PICB
997576,PICO
997665,PID
997671,PIE
997711,PIH
997773,PII
998315,PIM
998324,PINC
998546,PIO
998565,PIP
998720,PIR
999684,PIZ
999689,PJC
999924,PJP
999952,PKB
999974,PKBK
1000025,PKD
1000196,PKE
1000332,PKG
1000761,PKI
1001064,PKO
1001077,PKOH
1001218,PKW
1001257,PKX
1001435,PKY
1001676,PLAB
1001916,PLAY
1002426,PLBC
1002472,PLCE
1003168,PLCM
1003509,PLKI
1003649,PLM
1003699,PLMT
1003706,PLND
1003787,PLNR
1003848,PLOW
1003994,PLPC
1004043,PLPM
1004120,PLT
1004443,PLTM
1004717,PLUG
1005498,PLUS
1005640,PLW
1005641,PLX
1005902,PLXS
1006157,PMBC
1006221,PMC
1006420,PMCS
1006628,PMD
1006728,PME
1006843,PMF
1006848,PMFG
1006916,PML
1006920,PMM
1006929,PMO
1006956,PMR
1006981,PMT
1007149,PMX
1007154,PNBK
1007189,PNC
1008124,PNF
1008128,PNFP
1008328,PNI
1008332,PNK
1008678,PNM
1009010,PNNT
1009134,PNQI
1009188,PNR
1009660,PNRA
1010465,PNRG
1010520,PNTR
1010606,PNX
1010673,PODD
1011149,POL
1011427,POM
1011741,POOL
1011971,POPE
1012045,POR
1012313,POST
1012682,POT
1014021,POWI
1014231,POWL
1014403,POWR
1014538,POZN
1014707,PPA
1014760,PPBI
1014866,PPC
1015303,PPG
1016111,PPH
1016180,PPHM
1016456,PPHMP
1016476,PPL
1017025,PPLT
1017156,PPO
1017487,PPP
1017554,PPR
1017581,PPS
1017755,PPSI
1017853,PPT
1017861,PQ
1018011,PRAA
1018188,PRAH
1018359,PRAN
1018500,PRB
1018504,PRCP
1018632,PRE
1018863,PRF
1018885,PRFT
1019067,PRGN
1019206,PRGO
1020454,PRGS
1020916,PRGX
1021009,PRI
1021205,PRIM
1021539,PRK
1021597,PRKR
1021806,PRLB
1021973,PRLS
1022010,PRMW
1022194,PRO
1022399,PROV
1022492,PRPH
1022604,PRQR
1022813,PRSC
1022920,PRSS
1023030,PRTK
1023291,PRTO
1023423,PRTS
1023588,PRU
1024423,PRXI
1024479,PRXL
1024775,PRY
1024776,PSA
1025238,PSAU
1025241,PSBH
1025247,PSCC
1025252,PSCD
1025266,PSCE
1025273,PSCF
1025277,PSCH
1025284,PSCI
1025288,PSCU
1025295,PSDV
1025496,PSEC
1025778,PSEM
1025845,PSG
1025960,PSI
1025968,PSIX
1026057,PSK
1026065,PSL
1026078,PSLV
1026101,PSO
1026394,PSP
1026403,PSQ
1026410,PSR
1026414,PSTB
1026465,PSTI
1026923,PSTR
1026978,PSUN
1027271,PSXP
1027367,PT
1027574,PTBI
1027606,PTC
1027762,PTCT
1028329,PTEN
1028954,PTF
1028964,PTIE
1029229,PTLA
1029654,PTM
1029658,PTN
1029812,PTNR
1030064,PTP
1030133,PTR
1030551,PTRY
1030675,PTSI
1030766,PTX
1031099,PUI
1031108,PUK
1031286,PULB
1031307,PVA
1031539,PVCT
1031598,PVG
1031822,PVH
1032939,PVI
1032940,PVTB
1033089,PW
1033113,PWC
1033116,PWE
1033205,PWOD
1033271,PWR
1033688,PWRD
1034021,PWV
1034026,PWX
1034041,PWZ
1034043,PXD
1034850,PXE
1034872,PXF
1034878,PXH
1034892,PXJ
1034898,PXLG
1034900,PXLV
1034901,PXMC
1034902,PXMG
1034904,PXQ
1034907,PXR
1034909,PXSC
1034911,PXSV
1034913,PZA
1034917,PZC
1034922,PZE
1034957,PZG
1035044,PZI
1035051,PZN
1035132,PZT
1035135,PZZA
1035774,Q
1036074,QADA
1036166,QAI
1036191,QAT
1036199,QBAK
1036306,QCAN
1036311,QCCO
1036326,QCLN
1036355,QCOM
1039272,QDEF
1039277,QDEM
1039278,QDF
1039282,QDXU
1039283,QDYN
1039286,QEFA
1039288,QEH
1039289,QEM
1039290,QEMM
1039291,QEP
1039699,QEPM
1039721,QGBR
1039724,QGEN
1040234,QID
1040338,QIHU
1040931,QIWI
1041205,QKLS
1041250,QKOR
1041251,QLD
1041301,QLGC
1041540,QLIK
1041912,QLTB
1041914,QLTC
1041915,QLTI
1042005,QLTY
1042109,QLYS
1042268,QQEW
1042283,QQQ
1045391,QQQE
1045409,QQQX
1045426,QQXT
1045427,QRHC
1045500,QRVO
1046093,QSII
1046464,QSR
1046997,QTEC
1047004,QTM
1047240,QTNT
1047440,QTS
1047670,QTWN
1047671,QTWO
1047787,QTWW
1047927,QUAD
1048127,QUAL
1048149,QUIK
1048315,QUMU
1048369,QUNR
1048517,QURE
1048853,QVAL
1048855,QVCA
1048949,QVCB
1048953,QWLD
1048955,QXUS
1048956,QYLD
1048957,R
1049599,RAD
1051196,RADA
1051365,RAI
1052002,RAIL
1052197,RALY
1052233,RAND
1052305,RARE
1052727,RAS
1052837,RATE
1053083,RAVE
1053163,RAVI
1053164,RAVN
1053341,RAX
1054229,RBA
1054439,RBC
1054743,RBCAA
1054808,RBCN
1055066,RBL
1055144,RBPAA
1055158,RBS
1055816,RBY
1055857,RCAP
1056007,RCD
1056024,RCG
1056029,RCI
1056283,RCII
1056884,RCKY
1057005,RCL
1057959,RCMT
1058027,RCON
1058196,RCPI
1058225,RCPT
1058359,RDC
1058829,RDCM
1058958,RDEN
1059160,RDHL
1059523,RDI
1059611,RDIB
1059621,RDIV
1059626,RDN
1059992,RDNT
1060197,RDS
1060408,RDUS
1060709,RDVY
1060710,RDWR
1060957,RDY
1061331,RE
1061556,RECN
1061790,REE
1062006,REED
1062218,REFR
1062287,REG
1062576,REGI
1062832,REGN
1064321,REI
1064394,REIS
1064467,RELL
1064589,RELV
1064654,REM
1064682,REMX
1064732,REMY
1064755,REN
1064999,RENN
1065534,RENT
1065927,REPH
1066171,RES
1066558,RESI
1066724,RESN
1066909,RETL
1066925,REV
1067174,REW
1067180,REX
1067277,REXI
1067340,REXR
1067520,REXX
1067764,REZ
1067769,RF
1068619,RFG
1068625,RFIL
1068754,RFP
1068914,RFT
1068915,RFV
1068916,RGA
1069160,RGCO
1069265,RGDO
1069286,RGDX
1069344,RGEN
1069657,RGI
1069661,RGLD
1069995,RGLS
1070095,RGP
1070192,RGR
1070824,RGS
1071062,RGSE
1071264,RGT
1071274,RH
1072307,RHI
1072614,RHP
1072703,RHS
1072712,RHT
1073959,RIBT
1074069,RIC
1074139,RICE
1074325,RICK
1074539,RIF
1074546,RIG
1076347,RIGL
1076731,RIGP
1076782,RIGS
1076784,RING
1076797,RIO
1077588,RIOM
1077596,RIT
1077598,RITT
1077686,RIVR
1077709,RJA
1077714,RJET
1078007,RJF
1078316,RJI
1078317,RJZ
1078318,RKT
1078560,RKUS
1078735,RL
1079672,RLD
1079868,RLGT
1080015,RLGY
1080380,RLH
1080534,RLI
1080691,RLJ
1080921,RLJE
1081003,RLOC
1081146,RLOG
1081222,RLY
1081223,RLYP
1081268,RM
1081386,RMAX
1081546,RMBS
1082232,RMCF
1082332,RMD
1082758,RMGN
1082816,RMP
1082868,RMTI
1083266,RNA
1083364,RNDY
1083462,RNET
1083635,RNF
1083756,RNG
1084181,RNN
1084375,RNP
1084380,RNR
1084631,RNST
1084783,RNWK
1084926,ROBO
1084944,ROC
1085170,ROCK
1085342,ROG
1085555,ROIAK
1085587,ROIC
1085705,ROIQ
1085710,ROIQU
1085711,ROIQW
1085712,ROK
1086268,ROKA
1086285,ROL
1086497,ROLL
1086658,ROOF
1086665,ROP
1087015,RORO
1087016,ROSE
1087357,ROVI
1087835,ROX
1087914,ROYL
1088040,RP
1088295,RPAI
1088461,RPM
1088861,RPRX
1089161,RPRXW
1089162,RPRXZ
1089164,RPT
1089193,RPTP
1089451,RPV
1089466,RPX
1089469,RQI
1089472,RRC
1090278,RRD
1090687,RRGB
1091338,RRST
1091395,RRTS
1091678,RSE
1091747,RSG
1092121,RSH
1092805,RSO
1092875,RSP
1092926,RSPP
1093105,RST
1093299,RSTI
1093398,RSX
1094148,RSXJ
1094192,RSYS
1094375,RT
1094738,RTEC
1094932,RTGN
1094960,RTH
1095103,RTI
1095210,RTIX
1095391,RTK
1095498,RTM
1095504,RTR
1095506,RTRX
1095588,RUBI
1095841,RUK
1095864,RUSHA
1096003,RUSHB
1096027,RUSL
1096085,RUSS
1096147,RUTH
1096376,RVBD
1097143,RVLT
1097432,RVM
1097443,RVNC
1097735,RVNU
1097736,RVP
1097784,RVSB
1097836,RVT
1097862,RWC
1097917,RWL
1097921,RWLK
1098214,RWM
1098215,RWO
1098217,RWR
1098225,RWT
1098447,RWV
1098448,RWW
1098450,RWX
1098455,RWXL
1098456,RXD
1098464,RXDX
1098624,RXI
1098627,RXII
1098849,RXL
1098855,RYAAY
1099167,RYAM
1099231,RYE
1099238,RYH
1099249,RYI
1099338,RYJ
1099339,RYL
1099349,RYT
1099367,RYU
1099373,RZG
1099377,S
1099467,SA
1099497,SAA
1099498,SAAS
1099605,SABR
1099753,SAEX
1100103,SAFM
1100432,SAGE
1100607,SAGG
1100608,SAIA
1100861,SAIC
1100891,SAJA
1100908,SAL
1100954,SALM
1101062,SALT
1101170,SAM
1101320,SAMG
1101356,SAN
1101386,SAND
1101396,SANM
1101746,SANW
1101903,SAPE
1102027,SAR
1102037,SARA
1102071,SATS
1102290,SAVE
1103359,SB
1103608,SBAC
1104022,SBB
1104030,SBBX
1104076,SBCF
1104171,SBGI
1104704,SBGL
1104764,SBI
1104790,SBIO
1104797,SBLK
1105154,SBNY
1105440,SBR
1105464,SBRAP
1105467,SBS
1105477,SBSA
1105518,SBUX
1106334,SBY
1106358,SC
1106489,SCAI
1106557,SCC
1106585,SCCO
1106595,SCD
1106603,SCG
1106915,SCHA
1106920,SCHB
1106940,SCHC
1106942,SCHD
1106960,SCHE
1106968,SCHF
1106991,SCHG
1106998,SCHH
1107005,SCHL
1107282,SCHM
1107288,SCHN
1107631,SCHP
1107642,SCHV
1107646,SCHW
1107656,SCHX
1107665,SCHZ
1107672,SCI
1107682,SCIF
1107752,SCJ
1107755,SCL
1107765,SCLN
1107900,SCM
1107941,SCMP
1108191,SCO
1108308,SCOK
1108417,SCPB
1108419,SCS
1108509,SCSC
1108676,SCSS
1109052,SCTY
1109167,SCU
1109181,SCVL
1109598,SCX
1109624,SCYX
1109864,SCZ
1109869,SD
1109879,SDD
1109885,SDLP
1109934,SDOG
1109939,SDOW
1109943,SDP
1109958,SDPI
1109988,SDR
1110021,SDRL
1110071,SDT
1110112,SDY
1110234,SE
1110304,SEAC
1110606,SEAS
1110636,SEB
1110697,SEE
1111171,SEED
1111452,SEIC
1111622,SEM
1111847,SEMG
1112069,SEMI
1112084,SENEA
1112119,SENEB
1112146,SERV
1112256,SEV
1112303,SF
1112679,SFB
1112680,SFBC
1112710,SFBS
1112777,SFE
1112888,SFG
1113062,SFL
1113242,SFLA
1113243,SFLY
1113841,SFM
1114379,SFN
1114407,SFNC
1114504,SFS
1114666,SFUN
1115046,SFXE
1115177,SFY
1115351,SGA
1115438,SGAR
1115439,SGB
1115467,SGBK
1115495,SGC
1115560,SGDM
1115563,SGEN
1116436,SGF
1116441,SGG
1116610,SGM
1116668,SGMA
1116741,SGMO
1117271,SGMS
1117852,SGNL
1117912,SGNT
1118084,SGOC
1118152,SGOL
1118229,SGRP
1118303,SGU
1118365,SGY
1118657,SGYP
1119074,SGYPU
1119075,SGYPW
1119077,SH
1119133,SHG
1119180,SHI
1119258,SHIP
1119526,SHLD
1121180,SHLO
1121354,SHLX
1121507,SHM
1121508,SHO
1121786,SHOO
1122183,SHOR
1122321,SHOS
1122343,SHPG
1123235,SHV
1123244,SHW
1123857,SHY
1123915,SIAL
1124085,SIBC
1124101,SID
1124325,SIEB
1124406,SIEN
1124645,SIF
1124705,SIFI
1124749,SIFY
1124913,SIG
1125776,SIGI
1125889,SIGM
1126113,SIJ
1126115,SIL
1126305,SILC
1126465,SIM
1126492,SIMG
1126608,SIMO
1126917,SINA
1128133,SINO
1128299,SIR
1128390,SIRI
1129642,SIRO
1129808,SIVB
1130141,SIVR
1130188,SIX
1130644,SIXD
1130665,SJB
1130678,SJI
1130836,SJM
1131644,SJNK
1131669,SJR
1131887,SJT
1131939,SJW
1132116,SKBI
1132172,SKF
1132248,SKH
1132409,SKIS
1132518,SKM
1132611,SKOR
1132633,SKT
1132941,SKUL
1133238,SKX
1134055,SKY
1134202,SKYS
1134239,SKYW
1134685,SLB
1136029,SLCA
1136522,SLCT
1136554,SLF
1136750,SLGN
1137046,SLH
1137240,SLI
1137299,SLM
1137674,SLMBP
1137679,SLP
1137871,SLQD
1137873,SLRC
1138013,SLTC
1138056,SLV
1139784,SLVP
1139792,SLW
1140229,SLX
1140372,SLXP
1140937,SLY
1140940,SLYG
1140944,SLYV
1140946,SM
1141588,SMACU
1141589,SMB
1141647,SMBC
1141676,SMDD
1141678,SMED
1141781,SMEZ
1141782,SMFG
1141842,SMG
1142411,SMH
1142730,SMI
1142877,SMIN
1142882,SMIT
1142991,SMK
1142994,SMLL
1142995,SMLP
1143181,SMLR
1143192,SMLV
1143193,SMM
1143206,SMMF
1143256,SMN
1143339,SMP
1143490,SMPL
1143612,SMRT
1143977,SMSI
1144229,SMTP
1144265,SMTX
1144373,SN
1144629,SNAK
1144737,SNBC
1144800,SNC
1144812,SNCR
1145242,SNDK
1146554,SNFCA
1146576,SNH
1146761,SNI
1147200,SNLN
1147204,SNN
1147473,SNOW
1147533,SNP
1147822,SNPS
1148299,SNR
1148374,SNSS
1148684,SNTA
1148841,SNV
1149192,SNX
1149738,SNY
1151446,SO
1152121,SOCL
1152258,SODA
1153121,SOFO
1153207,SOHO
1153316,SOHU
1153968,SOL
1154564,SON
1154969,SONC
1155475,SOR
1155500,SORL
1155726,SOXL
1155887,SOXS
1156039,SOXX
1156107,SP
1156186,SPA
1156465,SPAN
1156517,SPAR
1156713,SPB
1157042,SPCB
1157247,SPDC
1157280,SPEX
1157589,SPF
1157769,SPFF
1157775,SPG
1158422,SPH
1158540,SPHB
1158567,SPHQ
1158584,SPHS
1158766,SPIL
1158840,SPKE
1159015,SPLK
1160032,SPLP
1160096,SPLS
1161223,SPNC
1161394,SPNS
1161501,SPOK
1161552,SPP
1161617,SPPP
1161619,SPPR
1161660,SPPRO
1161661,SPR
1162191,SPRO
1162322,SPRT
1162439,SPTN
1162725,SPU
1162889,SPW
1163138,SPWH
1163416,SPWR
1164510,SPXS
1164530,SPXU
1164536,SPXX
1164539,SPYG
1164546,SPYV
1164550,SQBG
1164750,SQBK
1164778,SQI
1164873,SQM
1165097,SQNM
1165462,SQNS
1165662,SQQQ
1165755,SR
1165920,SRC
1166058,SRCE
1166116,SRCL
1166434,SRDX
1166699,SRE
1167253,SREV
1167452,SRI
1167583,SRLN
1167599,SRLP
1167697,SRNE
1167869,SRS
1167876,SRSC
1167888,SRT
1167984,SRTY
1168008,SRV
1168015,SSB
1168106,SSBI
1168146,SSD
1168304,SSE
1168376,SSFN
1168419,SSH
1168565,SSI
1169015,SSL
1169335,SSLT
1169339,SSN
1169404,SSNI
1169453,SSO
1169459,SSP
1169733,SSRG
1169752,SSRI
1169990,SSS
1170195,SSTK
1170286,SSW
1170554,SSY
1170642,SSYS
1171531,ST
1171819,STAA
1172031,STAG
1172220,STAR
1172331,STAY
1172539,STBA
1172654,STBZ
1172724,STC
1172827,STCK
1172871,STE
1173032,STEM
1173214,STFC
1173311,STI
1174181,STIP
1174182,STJ
1175093,STK
1175111,STKL
1175338,STL
1175488,STLD
1176419,STLY
1176499,STM
1177128,STML
1177379,STMP
1177749,STNG
1178145,STNR
1178204,STO
1178622,STON
1178815,STOR
1178990,STPZ
1178993,STR
1179140,STRA
1179458,STRL
1179668,STRM
1179809,STRN
1179829,STRS
1179884,STRT
1179936,STRZA
1179988,STRZB
1179991,STS
1180046,STWD
1180309,STX
1181938,STXS
1182073,STZ
1183344,SU
1183764,SUB
1183765,SUBK
1183801,SUI
1183978,SUN
1184429,SUNE
1184513,SUNS
1184584,SUP
1184788,SUPN
1184897,SURG
1184979,SUSQ
1185105,SUTR
1185147,SVA
1185389,SVBL
1185403,SVLC
1185410,SVM
1185639,SVU
1186451,SVVC
1186536,SVXY
1186560,SWHC
1187412,SWI
1187722,SWIR
1188068,SWK
1188707,SWM
1188837,SWN
1189600,SWSH
1189683,SWX
1189831,SWY
1190404,SWZ
1190428,SXC
1190707,SXCP
1190738,SXE
1190802,SXI
1190943,SYA
1191033,SYBT
1191122,SYE
1191123,SYG
1191124,SYK
1192048,SYKE
1192205,SYLD
1192208,SYMC
1193527,SYMX
1193629,SYNA
1194237,SYNC
1194465,SYNL
1194619,SYNT
1194843,SYPR
1194941,SYRG
1195121,SYRX
1195170,SYT
1195591,SYUT
1195731,SYX
1195841,SYY
1196633,SZC
1196635,SZK
1196642,SZO
1196646,SZYM
1196823,T
1196833,TA
1197086,TAC
1197255,TACT
1197365,TAGS
1197368,TAHO
1197546,TAIT
1197596,TAL
1197983,TAN
1198253,TAO
1198291,TAOM
1198327,TAP
1199128,TARO
1199249,TAS
1199252,TASR
1199879,TAST
1200066,TAT
1200145,TAX
1200248,TAXI
1200311,TAYD
1200365,TBAR
1200367,TBBK
1200476,TBF
1200481,TBIO
1200683,TBK
1200800,TBNK
1200867,TBPH
1201080,TBT
1201424,TC
1201641,TCAP
1201809,TCBIP
1201815,TCBK
1201880,TCCA
1201881,TCCO
1202024,TCFC
1202059,TCHI
1202060,TCI
1202103,TCK
1202393,TCO
1202789,TCP
1202944,TCPC
1203042,TCPI
1203049,TCRD
1203181,TCS
1203252,TCX
1203351,TD
1203730,TDA
1203732,TDC
1204205,TDD
1204206,TDI
1204207,TDIV
1204230,TDS
1204460,TDTF
1204462,TDTT
1204466,TDV
1204468,TDW
1204784,TDY
1205053,TE
1205224,TEAR
1205351,TECD
1205801,TECH
1206035,TECL
1206062,TECS
1206088,TECU
1206097,TEDU
1206287,TEF
1206653,TEG
1206783,TEI
1206794,TEL
1207168,TEN
1207661,TENX
1207785,TEO
1207891,TEP
1208009,TERP
1208543,TESO
1208674,TESS
1208822,TEU
1208875,TEVA
1209924,TEX
1210545,TFG
1210547,TFM
1210959,TFSCU
1210961,TFSL
1211026,TFX
1211394,TG
1211485,TGC
1211538,TGD
1211573,TGE
1211702,TGEN
1211753,TGH
1211950,TGP
1212099,TGS
1212139,TGT
1213016,TGTX
1213407,THC
1214431,THFF
1214479,THG
1214662,THM
1214683,THOR
1215051,THR
1215175,THRM
1215307,THRX
1215585,THS
1215974,THTI
1215997,TI
1216314,TICC
1216420,TIF
1217931,TIGR
1218053,TIK
1218170,TILT
1218174,TIME
1218454,TINY
1218487,TIP
1218591,TIPT
1218641,TIPX
1218642,TIPZ
1218646,TISA
1218778,TISI
1218992,TITN
1219370,TIVO
1220199,TJX
1221538,TKAI
1221639,TKC
1221833,TKMR
1222377,TKR
1222715,TLF
1222855,TLH
1222860,TLI
1222871,TLK
1222944,TLL
1222945,TLLP
1223099,TLM
1223352,TLMR
1223396,TLO
1223401,TLOG
1223481,TLP
1223609,TLR
1223646,TLT
1225016,TLTD
1225023,TLTE
1225032,TLYS
1225393,TM
1227462,TMF
1227538,TMH
1227789,TMHC
1228038,TMK
1228233,TMO
1229055,TMP
1229118,TMUS
1229604,TMV
1229706,TNA
1229871,TNAV
1230064,TNC
1230240,TNDM
1230485,TNDQ
1230487,TNET
1230622,TNGO
1230768,TNH
1230838,TNK
1231134,TNP
1231364,TNXP
1231973,TOF
1232016,TOL
1233141,TOLZ
1233142,TOO
1233340,TOPS
1233763,TORM
1233796,TOT
1234551,TOUR
1234740,TOWN
1234802,TOWR
1234941,TPC
1235294,TPH
1235473,TPI
1235515,TPL
1235590,TPLM
1235687,TPRE
1235730,TPUB
1235872,TPVG
1235913,TPX
1236606,TQQQ
1236615,TR
1236694,TRAK
1236816,TRC
1236870,TRCB
1236928,TRCH
1236995,TRCO
1237278,TREC
1237336,TREE
1237719,TREX
1238015,TRF
1238017,TRGP
1238451,TRGT
1238585,TRI
1239031,TRIL
1239258,TRIP
1240300,TRIV
1240344,TRK
1240447,TRLA
1240504,TRMB
1240907,TRMK
1241036,TRMR
1241104,TRN
1241493,TRND
1241494,TRNO
1241736,TRNS
1241813,TRNX
1242135,TROV
1242540,TROVU
1242541,TROVW
1242542,TROW
1243059,TROX
1243397,TRP
1244054,TRQ
1244242,TRR
1244324,TRS
1244538,TRST
1244611,TRT
1244665,TRTL
1244667,TRUE
1244808,TRUP
1244857,TRV
1245513,TRW
1245820,TRX
1245854,TRXC
1246197,TS
1246540,TSBK
1246569,TSC
1246611,TSCO
1247305,TSEM
1247585,TSI
1247590,TSL
1248282,TSLA
1250212,TSLF
1250222,TSLX
1250274,TSM
1251188,TSN
1252667,TSO
1253211,TSQ
1253292,TSRA
1253504,TSRE
1253541,TSRI
1253635,TSRO
1254163,TSS
1254563,TST
1254731,TSU
1254875,TSYS
1255062,TTC
1255301,TTEC
1255475,TTEK
1255862,TTF
1255864,TTFS
1255866,TTGT
1255985,TTHI
1256050,TTM
1256546,TTMI
1256785,TTOO
1257159,TTP
1257185,TTPH
1257645,TTS
1257711,TTT
1257720,TU
1257919,TUBE
1257950,TUES
1258216,TUP
1258673,TUR
1259311,TV
1259541,TVIX
1259664,TVIZ
1259667,TVPT
1259787,TW
1260083,TWC
1261213,TWER
1261323,TWIN
1261439,TWM
1261448,TWMC
1261590,TWN
1261606,TWO
1261864,TWOU
1262184,TWTR
1262194,TWX
1264471,TX
1264763,TXMD
1265208,TXN
1266915,TXRH
1267438,TXT
1268092,TXTR
1268199,TY
1268218,TYC
1268693,TYD
1268706,TYG
1268763,TYL
1269068,TYO
1269075,TYPE
1269268,TZA
1269459,TZOO
1269852,UA
1271313,UACL
1271392,UAE
1271401,UAL
1272264,UAM
1272427,UAMY
1272448,UAN
1272598,UBA
1272670,UBC
1272678,UBCP
1272711,UBFO
1272748,UBG
1272750,UBIC
1272789,UBNK
1272869,UBOH
1272888,UBP
1272942,UBS
1273926,UBSH
1274045,UBSI
1274162,UBT
1274168,UCBA
1274191,UCBI
1274309,UCD
1274311,UCFC
1274377,UCI
1274380,UCO
1274450,UCP
1274490,UCTT
1274755,UDF
1274809,UDN
1275020,UDOW
1275023,UDR
1275399,UEC
1275563,UEIC
1275729,UEPS
1275968,UFCS
1276068,UFI
1276187,UFPI
1276405,UFPT
1276474,UFS
1276791,UG
1276845,UGAZ
1276892,UGE
1276894,UGI
1277108,UGL
1277144,UGLD
1277156,UGP
1277244,UHN
1277249,UHS
1277721,UHT
1277814,UIHC
1277854,UIL
1277988,UIS
1278305,UJB
1278306,UL
1278505,ULBI
1278569,ULTA
1279437,ULTI
1279749,ULTR
1279812,UMBF
1279920,UMC
1280150,UMDD
1280152,UMPQ
1280343,UMX
1280346,UN
1280396,UNAM
1280428,UNB
1280466,UNF
1280496,UNFI
1281236,UNG
1281326,UNH
1281556,UNIS
1281725,UNL
1281729,UNM
1281916,UNP
1281966,UNT
1282016,UNTY
1282057,UNXL
1282297,UPIP
1282365,UPL
1282495,UPLD
1282647,UPRO
1282653,UPS
1282743,UPV
1282749,UPW
1282750,URA
1282859,URBN
1284496,URE
1284498,URG
1284625,URI
1284895,URR
1284929,URZ
1284992,USA
1285062,USAC
1285141,USAG
1285142,USAK
1285303,USAP
1285432,USAT
1285704,USB
1286803,USBI
1286827,USCI
1286829,USCR
1287004,USD
1287287,USDP
1287367,USDU
1287387,USEG
1287499,USFR
1287501,USG
1287824,USL
1287869,USLM
1287905,USLV
1287907,USM
1288154,USMD
1288161,USMI
1288162,USNA
1288331,USO
1288481,USPH
1288651,UST
1288655,USTR
1288762,UTEK
1288917,UTF
1288924,UTG
1288930,UTHR
1289439,UTI
1289620,UTIW
1289876,UTL
1289984,UTMD
1290022,UTSI
1290173,UUU
1290236,UUUU
1290346,UVE
1290499,UVSP
1290564,UVV
1290671,UWM
1290674,UWN
1290745,UWTI
1290817,UYG
1290824,UYM
1290830,V
1290840,VA
1290872,VAC
1291108,VAL
1291636,VALE
1292622,VALU
1292678,VAR
1293181,VAW
1293195,VB
1293232,VBF
1293235,VBFC
1293249,VBIV
1293486,VBK
1293492,VBLT
1293752,VBR
1293757,VBTX
1293828,VC
1294158,VCEL
1294375,VCF
1294376,VCIT
1294388,VCO
1294406,VCR
1294448,VCRA
1294644,VCSH
1294649,VCV
1294654,VCYT
1294844,VDC
1295392,VDE
1295443,VDSI
1295573,VEA
1295603,VECO
1295713,VEEV
1296181,VEGA
1296182,VEGI
1296188,VET
1296342,VEU
1296348,VFH
1296385,VFL
1296391,VG
1296732,VGGL
1296742,VGI
1296763,VGIT
1296766,VGK
1296776,VGLT
1296783,VGM
1296802,VGR
1296951,VGSH
1296952,VGT
1297002,VGZ
1297076,VHC
1297589,VHT
1297630,VIA
1298221,VIAB
1298257,VIAS
1298305,VICL
1298547,VIDE
1298582,VIEW
1298583,VIG
1298721,VII
1298783,VIIX
1298792,VIMC
1298884,VIOG
1298885,VIP
1299204,VIPS
1299844,VIRC
1299890,VIS
1300408,VISI
1300480,VISN
1300636,VIV
1300785,VIVO
1301135,VIXY
1301147,VJET
1301329,VKI
1301333,VKQ
1301342,VLCCF
1301393,VLGEA
1301462,VLO
1302465,VLP
1302595,VLRS
1302717,VLT
1302722,VLTC
1302809,VLU
1302811,VLUE
1302827,VLY
1302996,VMBS
1303003,VMC
1303486,VMEM
1303641,VMI
1303898,VMM
1303908,VMO
1303920,VMW
1305626,VNDA
1306048,VNET
1306448,VNM
1306702,VNO
1307207,VNOM
1307416,VNQ
1307566,VNTV
1307822,VO
1307838,VOD
1308747,VOE
1308750,VOLC
1308959,VONV
1308962,VOO
1309017,VOOG
1309018,VOOV
1309019,VOT
1309028,VOX
1309070,VOXX
1309315,VOYA
1309588,VPG
1309673,VPU
1310178,VRA
1310752,VRD
1310753,VRML
1311028,VRNG
1311534,VRNS
1311738,VRNT
1312184,VRP
1312188,VRS
1312397,VRSK
1312734,VRSN
1313132,VRTB
1313136,VRTS
1313317,VRTU
1313520,VRTV
1313648,VRTX
1314981,VSAR
1315117,VSAT
1315466,VSCI
1315489,VSCP
1315514,VSEC
1315627,VSH
1315867,VSI
1316278,VSLR
1316712,VSR
1316858,VSS
1316863,VSTM
1317293,VTAE
1317413,VTG
1317491,VTHR
1317492,VTI
1317600,VTIP
1317607,VTL
1317799,VTN
1317813,VTR
1318302,VTSS
1318378,VTTI
1318428,VTV
1318497,VTWG
1318498,VTWO
1318501,VTWV
1318502,VUG
1318551,VVC
1318685,VVI
1318798,VVR
1318810,VVUS
1319763,VWO
1320155,VWOB
1320160,VXF
1320171,VXUS
1320179,VXX
1320781,VXZ
1320785,VYFC
1320797,VYM
1320849,VZ
1323786,VZA
1323789,W
1324593,WAB
1325036,WABC
1325135,WAC
1325394,WAFD
1325476,WAGE
1325627,WAIR
1325829,WAL
1326037,WAT
1326354,WATT
1326764,WAVX
1326859,WAYN
1326878,WB
1327015,WBA
1328196,WBAI
1328381,WBC
1328768,WBIH
1328769,WBII
1328772,WBK
1328880,WBMD
1329311,WBS
1329631,WCC
1329972,WCG
1330512,WCN
1330868,WD
1331085,WDAY
1332024,WDC
1333852,WDFC
1334174,WDIV
1334175,WDR
1334475,WDTI
1334484,WEBK
1334524,WEC
1334902,WEET
1334903,WEN
1335985,WERN
1336429,WEX
1336720,WEYS
1336778,WF
1336820,WFBI
1336840,WFC
1339454,WFD
1339495,WFM
1340864,WFT
1341582,WG
1341783,WGA
1341797,WGBS
1341866,WGL
1342004,WGO
1342435,WGP
1342519,WHF
1342600,WHLM
1342637,WHLR
1342769,WHLRP
1342771,WHR
1343825,WHX
1343834,WHZ
1343849,WIA
1343862,WIBC
1343950,WIFI
1344188,WIL
1344189,WILC
1344274,WILN
1344569,WIN
1345127,WINA
1345197,WIP
1345198,WIRE
1345291,WIT
1345569,WITE
1345575,WIW
1345590,WIX
1345886,WLB
1346061,WLDN
1346187,WLFC
1346240,WLH
1346383,WLK
1346777,WLL
1347807,WLRHU
1347811,WLT
1348323,WM
1348885,WMAR
1348944,WMB
1349873,WMC
1349969,WMGI
1350322,WMK
1350430,WMLP
1350490,WMS
1350738,WMT
1350748,WNC
1350992,WNR
1351284,WNRL
1351311,WNS
1351537,WOOD
1351542,WOR
1351890,WPC
1352185,WPCS
1352317,WPG
1352363,WPP
1352575,WPPGY
1352773,WPRT
1353186,WPS
1353189,WPT
1353227,WPX
1353665,WPZ
1354063,WR
1354276,WRB
1354536,WRE
1354677,WRES
1354764,WRLD
1354990,WRN
1355011,WSBC
1355131,WSBF
1355196,WSCI
1355280,WSFS
1355382,WSH
1355622,WSM
1356650,WSO
1356898,WSR
1357057,WST
1357262,WSTC
1357362,WSTG
1357419,WSTL
1357511,WTFC
1357723,WTM
1357818,WTR
1358082,WTS
1358278,WTSL
1358410,WTW
1359278,WU
1360047,WUBA
1360346,WVFC
1360351,WVVI
1360380,WWAV
1360695,WWD
1360947,WWW
1361425,WYN
1361875,WYNN
1362499,WYY
1362638,X
1363761,XBI
1364485,XBKS
1364502,XCO
1364730,XCRA
1364807,XEC
1365342,XEL
1365733,XENE
1365934,XENT
1366041,XES
1366061,XGTI
1366280,XGTIW
1366282,XHE
1366296,XHS
1366300,XIV
1366369,XL
1366703,XLB
1367152,XLE
1368615,XLF
1370730,XLG
1370739,XLI
1371432,XLK
1372864,XLP
1373482,XLRN
1373863,XLS
1374011,XLU
1374439,XLV
1375144,XLY
1375682,XME
1375811,XMLV
1375823,XMPT
1375830,XNCR
1375910,XNET
1375974,XNY
1376006,XOM
1376599,XOMA
1376991,XON
1377549,XONE
1377632,XOOM
1377774,XOP
1378004,XOVR
1378007,XOXO
1378094,XPH
1378121,XPL
1378139,XPLR
1378274,XPO
1378803,XPP
1378829,XRA
1378868,XRM
1378955,XRS
1379055,XRT
1381051,XRX
1382114,XSD
1382147,XSLV
1382159,XSOE
1382169,XSW
1382174,XTLB
1382278,XTN
1382312,XUE
1382394,XXII
1382711,XXV
1382712,XYL
1383023,Y
1383169,YANG
1383196,YAO
1383200,YCS
1383394,YDKN
1383409,YDLE
1383447,YELP
1385092,YGE
1385812,YHOO
1387271,YINN
1387293,YMLI
1387294,YNDX
1387936,YOD
1387986,YOKU
1388534,YRCW
1389036,YUM
1390781,YUMA
1390976,YUME
1391091,YXI
1391098,YY
1391204,YYY
1391205,YZC
1391350,ZA
1391369,ZAGG
1391947,ZAYO
1392301,ZAZA
1392353,ZBB
1392400,ZBRA
1392759,ZEN
1392932,ZEUS
1393139,ZFC
1393149,ZFGN
1393483,ZGNX
1393944,ZINC
1394052,ZION
1394751,ZIONW
1394752,ZIOP
1395311,ZIV
1395328,ZIXI
1395536,ZLTQ
1395685,ZMH
1396023,ZMLP
1396024,ZN
1396248,ZNGA
1397932,ZOES
1397987,ZPIN
1398037,ZQK
1398345,ZSL
1398570,ZSPH
1398655,ZTR
1398674,ZTS
1399288,ZU
1399447,ZUMZ
1400402,ZX
